longitude,latitude,population,households,median_income,median_house_value,ocean_proximity
-122.22,37.84,1031.0,479.0,7.5,295200.0,NEAR BAY
-121.56,39.69,1163.0,512.0,3.13,168300.0,INLAND
-122.24,37.8,1213.0,554.0,2.6292,182700.0,NEAR BAY
-122.21,37.79,1143.0,386.0,2.875,143800.0,NEAR BAY
-122.2,37.77,1024.0,341.0,2.0562,102000.0,NEAR BAY
-122.25,37.79,381.0,123.0,1.6,112500.0,NEAR BAY
-122.23,37.82,1192.0,383.0,12.3804,500001.0,NEAR BAY
-122.12,37.71,552.0,210.0,4.0,167900.0,NEAR BAY
-122.08,37.71,1784.0,652.0,4.8237,220900.0,NEAR BAY
-122.09,37.68,704.0,314.0,3.5114,197500.0,NEAR BAY
-122.27,37.9,645.0,256.0,5.6228,375400.0,NEAR BAY
-122.14,37.67,1366.0,500.0,4.2386,192300.0,NEAR BAY
-122.29,37.87,1382.0,713.0,2.537,175000.0,NEAR BAY
-122.24,37.8,731.0,228.0,2.2697,127000.0,NEAR BAY
-122.16,37.73,768.0,385.0,2.8301,171600.0,NEAR BAY
-122.21,37.78,1240.0,393.0,2.3125,102800.0,NEAR BAY
-122.17,37.74,1481.0,414.0,2.4028,97700.0,NEAR BAY
-122.18,37.77,396.0,157.0,2.0786,97500.0,NEAR BAY
-122.26,37.89,1005.0,462.0,6.381,342200.0,NEAR BAY
-122.18,37.79,626.0,214.0,7.0875,240700.0,NEAR BAY
-122.25,37.8,1062.0,413.0,1.6121,171400.0,NEAR BAY
-122.13,37.75,229.0,93.0,5.3602,330000.0,NEAR BAY
-122.28,37.86,780.0,358.0,3.3906,179300.0,NEAR BAY
-122.19,37.74,417.0,155.0,2.5139,83400.0,NEAR BAY
-122.25,37.89,1031.0,448.0,6.7138,368600.0,NEAR BAY
-122.23,37.84,1098.0,485.0,5.2868,347600.0,NEAR BAY
-122.2,37.79,1410.0,480.0,2.7788,115400.0,NEAR BAY
-122.29,37.88,523.0,227.0,3.8672,216700.0,NEAR BAY
-122.29,37.86,1354.0,563.0,1.9483,150500.0,NEAR BAY
-122.23,37.81,861.0,258.0,8.8793,410300.0,NEAR BAY
-122.17,37.74,824.0,280.0,2.2917,92500.0,NEAR BAY
-122.3,37.87,1695.0,684.0,2.2208,144800.0,NEAR BAY
-122.18,37.74,323.0,109.0,1.8438,90500.0,NEAR BAY
-122.18,37.73,435.0,136.0,2.1111,79700.0,NEAR BAY
-122.28,37.79,3668.0,855.0,2.5444,275000.0,NEAR BAY
-122.15,37.74,853.0,272.0,3.5083,122000.0,NEAR BAY
-122.26,37.9,705.0,288.0,7.8864,357300.0,NEAR BAY
-122.18,37.77,1029.0,366.0,2.0556,100000.0,NEAR BAY
-122.1,37.69,387.0,161.0,3.9063,178400.0,NEAR BAY
-122.34,37.88,2556.0,924.0,1.7375,350000.0,NEAR BAY
-122.22,37.78,1700.0,495.0,2.0801,131900.0,NEAR BAY
-122.24,37.79,1237.0,303.0,2.125,95500.0,NEAR BAY
-122.23,37.77,612.0,183.0,2.57,72000.0,NEAR BAY
-122.16,37.77,968.0,384.0,3.5739,176000.0,NEAR BAY
-122.16,37.74,355.0,144.0,4.1458,143400.0,NEAR BAY
-122.18,37.77,877.0,268.0,2.8125,97300.0,NEAR BAY
-122.21,37.77,473.0,149.0,2.6765,88800.0,NEAR BAY
-122.24,37.8,360.0,175.0,2.1944,211500.0,NEAR BAY
-122.16,37.75,1516.0,482.0,1.5625,91700.0,NEAR BAY
-122.3,37.86,287.0,128.0,2.75,140600.0,NEAR BAY
-122.27,37.89,975.0,365.0,8.8342,430500.0,NEAR BAY
-122.1,37.68,1109.0,448.0,2.535,174000.0,NEAR BAY
-122.28,37.88,769.0,334.0,4.2614,261300.0,NEAR BAY
-122.19,37.79,1106.0,454.0,4.6563,231800.0,NEAR BAY
-122.21,37.8,1109.0,464.0,3.0682,156500.0,NEAR BAY
-122.22,37.78,2269.0,610.0,2.3906,111700.0,NEAR BAY
-122.28,37.82,728.0,244.0,0.8172,85300.0,NEAR BAY
-122.23,37.79,1011.0,263.0,1.8854,137500.0,NEAR BAY
-122.27,37.84,853.0,325.0,2.1806,99700.0,NEAR BAY
-122.23,37.85,1061.0,403.0,6.3434,373600.0,NEAR BAY
-122.24,37.81,918.0,483.0,2.7477,243800.0,NEAR BAY
-122.21,37.83,1627.0,766.0,6.8976,333300.0,NEAR BAY
-122.17,37.74,327.0,137.0,2.15,97200.0,NEAR BAY
-122.22,37.8,1129.0,460.0,3.2632,227700.0,NEAR BAY
-122.28,37.81,200.0,87.0,1.5208,112500.0,NEAR BAY
-122.15,37.74,1338.0,550.0,3.851,183500.0,NEAR BAY
-122.21,37.84,1358.0,597.0,6.0194,292300.0,NEAR BAY
-122.19,37.79,582.0,256.0,2.9514,198100.0,NEAR BAY
-122.23,37.8,787.0,459.0,3.1603,269500.0,NEAR BAY
-122.25,37.84,1157.0,647.0,3.12,241400.0,NEAR BAY
-122.29,37.85,218.0,106.0,2.5682,120000.0,NEAR BAY
-122.23,37.83,947.0,361.0,7.8772,500001.0,NEAR BAY
-122.22,37.79,1608.0,523.0,2.1494,132500.0,NEAR BAY
-122.17,37.78,296.0,121.0,4.175,144000.0,NEAR BAY
-122.28,37.82,622.0,259.0,1.5057,87500.0,NEAR BAY
-122.27,37.81,546.0,330.0,0.76,162500.0,NEAR BAY
-122.25,37.79,1475.0,460.0,1.7772,97500.0,NEAR BAY
-122.25,37.83,534.0,291.0,3.1429,231600.0,NEAR BAY
-122.16,37.74,826.0,295.0,4.0417,109400.0,NEAR BAY
-122.18,37.73,2736.0,780.0,2.455,82400.0,NEAR BAY
-122.26,37.83,1377.0,696.0,2.5898,176000.0,NEAR BAY
-122.28,37.81,377.0,115.0,2.4083,98200.0,NEAR BAY
-122.12,37.75,329.0,109.0,7.6923,329800.0,NEAR BAY
-122.27,37.8,125.0,39.0,0.9722,137500.0,NEAR BAY
-122.27,37.83,1258.0,536.0,2.7303,109700.0,NEAR BAY
-122.18,37.76,1299.0,451.0,1.8407,96700.0,NEAR BAY
-122.28,37.87,571.0,292.0,2.2788,182300.0,NEAR BAY
-119.73,36.83,1959.0,580.0,5.3478,138800.0,INLAND
-121.54,39.47,939.0,302.0,2.4952,53900.0,INLAND
-122.28,37.8,904.0,88.0,0.8668,137500.0,NEAR BAY
-122.05,39.34,494.0,175.0,2.875,61500.0,INLAND
-121.87,37.67,853.0,278.0,4.9879,229400.0,INLAND
-122.0,37.95,848.0,239.0,6.8145,339200.0,INLAND
-122.19,37.8,768.0,332.0,4.2727,246900.0,NEAR BAY
-122.14,37.73,922.0,393.0,4.6042,251900.0,NEAR BAY
-122.36,37.93,885.0,229.0,3.05,121600.0,NEAR BAY
-122.25,37.87,266.0,123.0,5.2289,384600.0,NEAR BAY
-122.09,37.68,569.0,293.0,2.5156,190900.0,NEAR BAY
-122.06,37.64,1038.0,282.0,4.1652,158200.0,NEAR BAY
-119.78,38.69,338.0,152.0,2.45,117600.0,INLAND
-120.9,38.2,1319.0,526.0,2.0472,93200.0,INLAND
-122.25,37.82,1104.0,398.0,5.883,340700.0,NEAR BAY
-122.16,37.77,446.0,180.0,4.7708,156300.0,NEAR BAY
-121.94,37.93,1341.0,428.0,7.5695,320400.0,INLAND
-120.69,38.44,597.0,228.0,4.2917,121300.0,INLAND
-122.16,37.75,378.0,135.0,2.5568,111100.0,NEAR BAY
-122.26,37.86,3276.0,1742.0,1.6307,253600.0,NEAR BAY
-122.16,37.75,928.0,261.0,1.8235,95200.0,NEAR BAY
-122.27,37.82,558.0,253.0,1.7348,137500.0,NEAR BAY
-122.24,37.77,585.0,266.0,2.3882,162500.0,NEAR BAY
-122.13,37.74,1476.0,648.0,5.0,248900.0,NEAR BAY
-121.92,37.69,1590.0,559.0,7.316,285400.0,<1H OCEAN
-122.28,37.86,1582.0,636.0,2.5652,157700.0,NEAR BAY
-122.07,37.7,645.0,277.0,4.125,232500.0,NEAR BAY
-122.15,37.71,2441.0,1352.0,3.1682,202700.0,NEAR BAY
-122.19,37.75,482.0,150.0,1.9167,82800.0,NEAR BAY
-122.26,37.85,1508.0,755.0,3.2619,309600.0,NEAR BAY
-122.25,37.79,846.0,227.0,3.625,125000.0,NEAR BAY
-122.28,37.87,288.0,131.0,3.5156,200000.0,NEAR BAY
-122.1,37.66,1293.0,448.0,3.0489,152600.0,NEAR BAY
-122.24,37.79,647.0,168.0,3.375,116100.0,NEAR BAY
-122.22,37.79,2273.0,685.0,3.9048,164700.0,NEAR BAY
-122.19,37.78,984.0,369.0,3.22,156500.0,NEAR BAY
-122.2,37.77,1537.0,484.0,2.898,121400.0,NEAR BAY
-122.24,37.8,1006.0,335.0,2.1348,140600.0,NEAR BAY
-122.27,37.85,875.0,363.0,1.5817,153600.0,NEAR BAY
-122.27,37.82,1959.0,720.0,1.1108,97500.0,NEAR BAY
-122.17,37.75,935.0,349.0,1.4375,90000.0,NEAR BAY
-122.27,37.88,669.0,367.0,3.5417,287500.0,NEAR BAY
-122.26,37.77,411.0,172.0,3.3571,405400.0,NEAR BAY
-122.26,37.86,1461.0,679.0,2.9405,289500.0,NEAR BAY
-122.21,37.8,1883.0,706.0,3.4861,187100.0,NEAR BAY
-122.18,37.77,1173.0,438.0,3.2552,120100.0,NEAR BAY
-122.26,37.87,3337.0,350.0,1.4012,175000.0,NEAR BAY
-122.24,37.83,585.0,227.0,5.8948,457800.0,NEAR BAY
-122.18,37.75,621.0,195.0,1.325,87100.0,NEAR BAY
-122.23,37.76,805.0,321.0,4.7188,335300.0,NEAR BAY
-122.25,37.87,1349.0,250.0,1.1696,500001.0,NEAR BAY
-122.22,37.79,1647.0,527.0,2.6042,124700.0,NEAR BAY
-122.2,37.77,1888.0,537.0,2.2562,94800.0,NEAR BAY
-122.18,37.73,646.0,198.0,2.9063,80000.0,NEAR BAY
-122.21,37.77,836.0,277.0,2.2604,100000.0,NEAR BAY
-122.27,37.86,849.0,365.0,2.6914,218800.0,NEAR BAY
-122.24,37.8,1118.0,347.0,2.1563,128600.0,NEAR BAY
-122.26,37.86,1253.0,538.0,3.3893,241700.0,NEAR BAY
-122.24,37.82,1470.0,520.0,6.155,398600.0,NEAR BAY
-122.09,37.66,766.0,271.0,3.4722,135400.0,NEAR BAY
-121.77,37.67,3489.0,1259.0,5.7907,264200.0,INLAND
-122.1,37.68,1061.0,400.0,3.0962,180900.0,NEAR BAY
-122.28,37.89,722.0,306.0,5.4171,292000.0,NEAR BAY
-122.11,37.66,913.0,299.0,4.1302,172700.0,NEAR BAY
-122.28,37.88,506.0,207.0,4.1912,254500.0,NEAR BAY
-122.22,37.77,520.0,138.0,1.6471,95000.0,NEAR BAY
-122.14,37.75,299.0,109.0,4.0313,195500.0,NEAR BAY
-122.28,37.78,730.0,327.0,2.5139,219000.0,NEAR BAY
-122.13,37.73,686.0,270.0,6.9096,341800.0,NEAR BAY
-122.17,37.75,907.0,306.0,1.9821,98300.0,NEAR BAY
-122.26,37.77,921.0,477.0,2.875,234000.0,NEAR BAY
-122.19,37.77,900.0,263.0,1.8039,92300.0,NEAR BAY
-122.29,37.89,940.0,423.0,5.0551,232200.0,NEAR BAY
-122.16,37.69,796.0,283.0,4.3971,205700.0,NEAR BAY
-122.23,37.79,1659.0,412.0,2.9357,107900.0,NEAR BAY
-122.3,37.89,518.0,276.0,3.0208,206300.0,NEAR BAY
-122.27,37.89,973.0,355.0,7.266,371100.0,NEAR BAY
-122.18,37.8,442.0,195.0,6.2838,318200.0,NEAR BAY
-120.57,38.35,661.0,250.0,2.2604,84800.0,INLAND
-122.28,37.89,835.0,369.0,4.5893,290100.0,NEAR BAY
-122.29,37.89,693.0,326.0,3.1375,229100.0,NEAR BAY
-122.24,37.79,1171.0,429.0,2.3173,125000.0,NEAR BAY
-122.15,37.76,763.0,270.0,6.0749,196900.0,NEAR BAY
-122.28,37.82,576.0,220.0,1.4113,83100.0,NEAR BAY
-122.24,37.84,1177.0,555.0,5.1773,389500.0,NEAR BAY
-122.19,37.8,610.0,238.0,4.744,257300.0,NEAR BAY
-122.18,37.68,840.0,401.0,5.4858,187800.0,NEAR BAY
-122.2,37.82,420.0,176.0,7.0175,366700.0,NEAR BAY
-122.23,37.8,1149.0,415.0,2.25,123500.0,NEAR BAY
-122.27,37.86,924.0,414.0,2.5417,182700.0,NEAR BAY
-122.21,37.77,1183.0,354.0,2.3309,98700.0,NEAR BAY
-122.07,37.67,1469.0,616.0,3.2465,230600.0,NEAR BAY
-122.24,37.77,481.0,223.0,2.6411,241000.0,NEAR BAY
-122.18,37.81,126.0,52.0,6.3624,483300.0,NEAR BAY
-122.23,37.8,844.0,280.0,2.3929,111900.0,NEAR BAY
-122.19,37.78,555.0,190.0,3.7262,166900.0,NEAR BAY
-122.1,37.69,1256.0,485.0,2.9507,157100.0,NEAR BAY
-122.26,37.8,1659.0,676.0,1.6929,115000.0,NEAR BAY
-122.25,37.77,482.0,215.0,3.1771,210200.0,NEAR BAY
-122.26,37.88,823.0,377.0,5.7979,415300.0,NEAR BAY
-122.15,37.71,531.0,183.0,4.0208,191500.0,NEAR BAY
-122.24,37.83,916.0,316.0,8.1194,471600.0,NEAR BAY
-122.29,37.9,594.0,286.0,5.338,270900.0,NEAR BAY
-122.27,37.87,1424.0,694.0,2.7372,210200.0,NEAR BAY
-122.29,37.87,386.0,204.0,3.875,182600.0,NEAR BAY
-122.26,37.88,1798.0,769.0,1.725,287500.0,NEAR BAY
-122.19,37.78,1109.0,375.0,4.3125,164400.0,NEAR BAY
-122.04,37.65,3827.0,1288.0,6.2579,315500.0,NEAR BAY
-122.21,37.77,353.0,137.0,4.0904,80600.0,NEAR BAY
-122.21,37.79,1530.0,474.0,2.4167,139400.0,NEAR BAY
-122.2,37.79,1009.0,390.0,2.3036,126000.0,NEAR BAY
-122.29,37.89,1004.0,371.0,5.1696,261400.0,NEAR BAY
-122.26,37.88,1558.0,573.0,2.944,338900.0,NEAR BAY
-122.15,37.7,733.0,229.0,3.4583,192600.0,NEAR BAY
-122.3,37.89,815.0,375.0,2.8036,211600.0,NEAR BAY
-122.22,37.79,961.0,272.0,3.5156,109500.0,NEAR BAY
-122.25,37.86,719.0,295.0,5.0463,456300.0,NEAR BAY
-122.28,37.86,958.0,445.0,1.9327,169900.0,NEAR BAY
-122.28,37.86,1213.0,568.0,2.2845,153100.0,NEAR BAY
-122.25,37.74,897.0,390.0,4.4562,206200.0,NEAR BAY
-122.21,37.78,1227.0,407.0,1.7188,126800.0,NEAR BAY
-122.09,37.69,1732.0,800.0,4.8036,188300.0,NEAR BAY
-122.21,37.78,1065.0,269.0,1.8472,137000.0,NEAR BAY
-122.2,37.83,542.0,211.0,8.401,351200.0,NEAR BAY
-122.3,37.88,854.0,355.0,2.9,144800.0,NEAR BAY
-122.25,37.86,1316.0,590.0,5.3794,376900.0,NEAR BAY
-122.3,37.89,620.0,275.0,4.0875,221300.0,NEAR BAY
-122.18,37.76,907.0,246.0,1.9479,89500.0,NEAR BAY
-122.19,37.82,635.0,263.0,8.317,365900.0,NEAR BAY
-122.22,37.8,1185.0,515.0,4.5428,239800.0,NEAR BAY
-122.17,37.76,949.0,342.0,1.8426,94800.0,NEAR BAY
-122.3,37.77,2037.0,355.0,2.6447,200000.0,NEAR BAY
-122.17,37.75,732.0,259.0,1.6196,85100.0,NEAR BAY
-122.26,37.88,894.0,404.0,6.2425,391800.0,NEAR BAY
-122.27,37.86,1127.0,548.0,1.8447,198200.0,NEAR BAY
-122.27,37.88,1232.0,621.0,4.2813,284900.0,NEAR BAY
-122.26,37.9,903.0,362.0,7.8336,371300.0,NEAR BAY
-122.15,37.74,764.0,282.0,3.3125,118000.0,NEAR BAY
-122.15,37.75,849.0,255.0,3.8913,126300.0,NEAR BAY
-122.23,37.79,564.0,184.0,1.3281,113300.0,NEAR BAY
-122.24,37.81,709.0,456.0,3.2727,268500.0,NEAR BAY
-122.22,37.79,1201.0,424.0,2.5,136700.0,NEAR BAY
-122.22,37.78,1525.0,477.0,1.4886,128800.0,NEAR BAY
-122.19,37.77,1086.0,425.0,3.3715,143900.0,NEAR BAY
-122.18,37.73,855.0,285.0,2.5192,76400.0,NEAR BAY
-122.19,37.73,825.0,244.0,2.1538,79700.0,NEAR BAY
-120.63,38.75,1432.0,559.0,2.7201,117500.0,INLAND
-122.19,37.77,1144.0,417.0,3.5114,151200.0,NEAR BAY
-122.04,37.63,586.0,249.0,4.7813,241900.0,NEAR BAY
-122.17,37.78,651.0,267.0,3.6875,157300.0,NEAR BAY
-122.23,37.8,488.0,186.0,1.9375,126600.0,NEAR BAY
-122.24,37.85,98.0,47.0,4.9643,335000.0,NEAR BAY
-122.21,37.79,1517.0,516.0,2.8365,139200.0,NEAR BAY
-122.24,37.8,1487.0,677.0,2.5238,169300.0,NEAR BAY
-122.16,37.74,609.0,215.0,2.0227,103100.0,NEAR BAY
-122.2,37.75,531.0,133.0,1.5809,70000.0,NEAR BAY
-122.19,37.74,567.0,159.0,1.1765,87100.0,NEAR BAY
-122.27,37.88,1152.0,616.0,2.52,277800.0,NEAR BAY
-122.16,37.76,881.0,302.0,4.6696,164300.0,NEAR BAY
-122.19,37.75,435.0,162.0,0.8012,81800.0,NEAR BAY
-122.21,37.78,753.0,241.0,2.625,111300.0,NEAR BAY
-122.25,37.8,1359.0,722.0,2.1429,250000.0,NEAR BAY
-122.27,37.87,862.0,425.0,1.7778,268800.0,NEAR BAY
-122.24,37.81,634.0,256.0,6.0302,287300.0,NEAR BAY
-122.18,37.81,620.0,266.0,5.4446,336700.0,NEAR BAY
-122.17,37.75,763.0,254.0,2.3281,88800.0,NEAR BAY
-122.2,37.79,1354.0,491.0,2.619,134700.0,NEAR BAY
-122.15,37.69,637.0,222.0,3.6625,184600.0,NEAR BAY
-122.16,37.76,1437.0,484.0,2.5122,95500.0,NEAR BAY
-122.23,37.76,1242.0,518.0,5.2128,289900.0,NEAR BAY
-122.24,37.81,1048.0,518.0,3.675,269900.0,NEAR BAY
-122.18,37.78,713.0,284.0,3.2984,160700.0,NEAR BAY
-122.17,37.77,1704.0,703.0,2.875,135300.0,NEAR BAY
-122.19,37.83,661.0,269.0,6.8538,368900.0,NEAR BAY
-122.1,37.63,5613.0,1946.0,3.8171,187200.0,NEAR BAY
-122.28,37.89,1085.0,487.0,4.125,270900.0,NEAR BAY
-122.24,37.8,1321.0,401.0,2.957,122800.0,NEAR BAY
-122.25,37.82,1520.0,802.0,3.9063,225000.0,NEAR BAY
-122.2,37.8,804.0,340.0,5.1184,239600.0,NEAR BAY
-122.23,37.8,772.0,257.0,2.3833,146900.0,NEAR BAY
-122.28,37.81,609.0,289.0,1.5,162500.0,NEAR BAY
-122.2,37.78,1225.0,423.0,3.5398,158400.0,NEAR BAY
-122.22,37.81,756.0,340.0,4.072,270100.0,NEAR BAY
-122.18,37.78,1085.0,407.0,3.4205,136700.0,NEAR BAY
-122.19,37.76,790.0,269.0,1.7056,91400.0,NEAR BAY
-122.2,37.79,667.0,235.0,4.1739,169600.0,NEAR BAY
-122.2,37.77,1621.0,483.0,2.4338,102400.0,NEAR BAY
-122.27,37.86,494.0,175.0,3.15,206300.0,NEAR BAY
-122.23,37.79,4367.0,1231.0,2.1917,112800.0,NEAR BAY
-122.18,37.75,901.0,260.0,2.1731,82000.0,NEAR BAY
-122.18,37.78,575.0,47.0,3.875,225000.0,NEAR BAY
-122.27,37.78,630.0,265.0,3.7708,215300.0,NEAR BAY
-122.23,37.78,1506.0,438.0,1.9338,112500.0,NEAR BAY
-122.27,37.82,735.0,438.0,0.9218,171900.0,NEAR BAY
-122.27,37.79,718.0,302.0,2.6354,187500.0,NEAR BAY
-122.13,37.72,340.0,171.0,6.5095,371200.0,NEAR BAY
-122.22,37.81,1021.0,380.0,8.1564,390100.0,NEAR BAY
-122.24,37.79,1284.0,357.0,2.2542,112200.0,NEAR BAY
-122.13,37.77,916.0,324.0,7.0712,293000.0,NEAR BAY
-122.2,37.78,1071.0,376.0,3.1167,121600.0,NEAR BAY
-122.17,37.77,1360.0,452.0,1.871,90700.0,NEAR BAY
-122.21,37.8,951.0,487.0,3.0812,233100.0,NEAR BAY
-122.22,37.79,2167.0,659.0,2.7969,141700.0,NEAR BAY
-122.2,37.79,737.0,210.0,2.6667,122000.0,NEAR BAY
-122.16,37.75,406.0,133.0,3.8047,94300.0,NEAR BAY
-122.19,37.73,801.0,287.0,1.2625,84700.0,NEAR BAY
-121.24,39.65,221.0,102.0,2.3684,62500.0,INLAND
-122.18,37.79,922.0,329.0,3.9712,208100.0,NEAR BAY
-121.92,37.49,3571.0,1466.0,5.1643,193100.0,<1H OCEAN
-122.23,37.81,612.0,213.0,4.7708,314700.0,NEAR BAY
-122.15,37.74,571.0,191.0,3.1458,130600.0,NEAR BAY
-122.17,37.73,1231.0,341.0,2.1587,86500.0,NEAR BAY
-122.17,37.78,468.0,181.0,3.875,140600.0,NEAR BAY
-122.13,37.75,137.0,50.0,4.975,311100.0,NEAR BAY
-122.19,37.77,1412.0,454.0,2.0469,89300.0,NEAR BAY
-122.27,37.87,1675.0,1000.0,1.7464,216700.0,NEAR BAY
-122.28,37.85,506.0,204.0,1.73,147900.0,NEAR BAY
-122.27,37.88,1372.0,876.0,2.1907,271400.0,NEAR BAY
-122.28,37.87,1293.0,675.0,2.543,220700.0,NEAR BAY
-122.27,37.9,684.0,275.0,7.9556,374400.0,NEAR BAY
-122.17,37.73,620.0,292.0,3.7159,183300.0,NEAR BAY
-122.26,37.77,637.0,297.0,4.7778,351800.0,NEAR BAY
-122.3,37.9,1027.0,509.0,3.5125,224200.0,NEAR BAY
-122.28,37.86,1361.0,608.0,1.9798,147400.0,NEAR BAY
-122.26,37.82,2024.0,1250.0,1.2185,170000.0,NEAR BAY
-122.25,37.81,2304.0,1250.0,2.4912,257800.0,NEAR BAY
-122.21,37.83,1616.0,654.0,7.5544,411500.0,NEAR BAY
-122.14,37.68,1561.0,628.0,2.7955,183100.0,NEAR BAY
-122.25,37.8,1645.0,543.0,2.2303,116700.0,NEAR BAY
-122.19,37.84,533.0,194.0,11.6017,392600.0,NEAR BAY
-122.23,37.78,2813.0,751.0,1.6009,118100.0,NEAR BAY
-122.27,37.9,671.0,253.0,6.9414,417500.0,NEAR BAY
-122.17,37.69,1125.0,366.0,4.7609,212600.0,NEAR BAY
-122.29,37.88,824.0,388.0,3.8897,218400.0,NEAR BAY
-122.01,37.56,1531.0,736.0,4.4259,158000.0,NEAR BAY
-122.15,37.74,545.0,230.0,3.95,219000.0,NEAR BAY
-122.27,37.74,2974.0,1484.0,3.6875,353900.0,NEAR BAY
-122.09,37.65,572.0,194.0,4.7143,193800.0,NEAR BAY
-122.22,37.78,1543.0,393.0,2.489,119100.0,NEAR BAY
-121.93,37.72,1935.0,642.0,4.4697,221300.0,<1H OCEAN
-121.76,37.69,1919.0,709.0,3.3841,184400.0,INLAND
-122.11,37.7,835.0,338.0,2.3274,170400.0,NEAR BAY
-122.18,37.75,282.0,80.0,4.0469,80700.0,NEAR BAY
-122.09,37.67,673.0,308.0,2.3357,175000.0,NEAR BAY
-122.19,37.76,984.0,303.0,1.9479,85800.0,NEAR BAY
-122.16,37.75,1137.0,386.0,2.537,107900.0,NEAR BAY
-122.17,37.76,999.0,286.0,2.5625,89300.0,NEAR BAY
-122.28,37.88,489.0,218.0,3.9167,235600.0,NEAR BAY
-122.24,37.75,384.0,146.0,4.9489,247100.0,NEAR BAY
-122.29,37.87,1129.0,516.0,2.6684,185600.0,NEAR BAY
-122.08,37.68,314.0,205.0,2.3958,190800.0,NEAR BAY
-122.28,37.87,805.0,431.0,2.8676,212000.0,NEAR BAY
-122.14,37.77,1297.0,355.0,4.8304,279100.0,NEAR BAY
-122.16,37.72,877.0,485.0,3.3431,137500.0,NEAR BAY
-122.24,37.73,2930.0,1235.0,4.5213,228400.0,NEAR BAY
-122.27,37.77,1121.0,518.0,3.3269,234500.0,NEAR BAY
-122.35,37.96,1563.0,524.0,2.5164,114200.0,NEAR BAY
-122.08,37.64,4065.0,1113.0,3.3479,182100.0,NEAR BAY
-122.15,37.68,1349.0,486.0,4.3864,205200.0,NEAR BAY
-122.28,37.78,3741.0,1273.0,2.5762,173400.0,NEAR BAY
-122.09,37.71,749.0,269.0,5.2855,253500.0,NEAR BAY
-122.04,37.67,1155.0,415.0,6.8233,332600.0,NEAR BAY
-122.04,37.61,727.0,215.0,4.1719,187000.0,NEAR BAY
-122.28,37.81,721.0,207.0,1.1111,108300.0,NEAR BAY
-122.19,37.75,1481.0,520.0,1.3194,81400.0,NEAR BAY
-122.2,37.84,1072.0,443.0,7.4882,319300.0,NEAR BAY
-122.28,37.87,828.0,339.0,3.5625,191700.0,NEAR BAY
-122.1,37.66,480.0,149.0,3.875,162100.0,NEAR BAY
-119.72,36.71,1350.0,424.0,3.0179,91600.0,INLAND
-122.12,37.75,808.0,219.0,6.86,250000.0,NEAR BAY
-122.19,37.76,630.0,237.0,1.925,74100.0,NEAR BAY
-122.16,37.74,533.0,166.0,2.625,98200.0,NEAR BAY
-122.29,37.89,374.0,153.0,5.1675,270600.0,NEAR BAY
-122.2,37.8,706.0,268.0,4.7721,217100.0,NEAR BAY
-122.24,37.76,1119.0,415.0,4.6094,229300.0,NEAR BAY
-122.23,37.81,878.0,352.0,7.508,348700.0,NEAR BAY
-122.23,37.79,425.0,140.0,1.6198,122700.0,NEAR BAY
-122.2,37.79,939.0,340.0,2.8321,150000.0,NEAR BAY
-122.19,37.78,469.0,168.0,2.875,160000.0,NEAR BAY
-122.26,37.86,1493.0,794.0,2.9044,257400.0,NEAR BAY
-122.02,37.58,2097.0,728.0,3.3617,178100.0,NEAR BAY
-121.7,37.93,972.0,403.0,2.2216,156700.0,INLAND
-121.89,37.68,734.0,245.0,6.2918,334100.0,<1H OCEAN
-122.13,37.69,1216.0,643.0,3.395,271300.0,NEAR BAY
-122.17,37.76,987.0,354.0,2.4333,98200.0,NEAR BAY
-122.29,37.88,841.0,380.0,3.556,179300.0,NEAR BAY
-122.25,37.87,2184.0,422.0,2.5562,371400.0,NEAR BAY
-122.17,37.76,965.0,382.0,2.1842,107900.0,NEAR BAY
-121.83,39.76,4644.0,1775.0,3.1142,112600.0,INLAND
-122.27,37.78,959.0,486.0,5.2601,292700.0,NEAR BAY
-122.29,37.87,1145.0,430.0,2.6165,150000.0,NEAR BAY
-122.22,37.81,765.0,308.0,6.5217,273700.0,NEAR BAY
-122.08,37.63,431.0,149.0,4.25,192600.0,NEAR BAY
-122.23,37.76,378.0,162.0,5.2915,333000.0,NEAR BAY
-122.25,37.86,878.0,449.0,1.7652,336800.0,NEAR BAY
-120.34,38.25,997.0,408.0,2.9821,111500.0,INLAND
-115.57,32.8,1184.0,513.0,1.875,93800.0,INLAND
-121.83,37.99,1456.0,453.0,5.6779,164700.0,INLAND
-122.16,37.72,618.0,239.0,2.875,144800.0,NEAR BAY
-122.05,37.95,246.0,123.0,5.4482,190800.0,NEAR BAY
-121.56,39.53,1861.0,415.0,1.5771,65200.0,INLAND
-119.79,36.75,3530.0,846.0,1.123,46700.0,INLAND
-122.23,37.82,1001.0,352.0,12.2138,500001.0,NEAR BAY
-122.25,37.77,429.0,158.0,4.3098,197900.0,NEAR BAY
-122.07,37.63,1175.0,337.0,3.7292,168100.0,NEAR BAY
-120.88,38.45,657.0,288.0,2.5476,97900.0,INLAND
-122.18,37.76,447.0,165.0,3.9063,93800.0,NEAR BAY
-122.13,37.71,776.0,346.0,3.1103,188900.0,NEAR BAY
-122.28,37.9,819.0,335.0,4.9083,346800.0,NEAR BAY
-122.1,37.66,342.0,112.0,4.6875,200600.0,NEAR BAY
-122.08,37.68,253.0,137.0,2.4196,275000.0,NEAR BAY
-120.71,38.34,559.0,213.0,4.4531,144300.0,INLAND
-121.81,37.99,1315.0,437.0,4.8194,170400.0,INLAND
-122.23,37.79,1481.0,343.0,2.0375,122500.0,NEAR BAY
-122.15,37.69,703.0,276.0,3.8864,197300.0,NEAR BAY
-122.07,37.63,2028.0,693.0,2.4808,157600.0,NEAR BAY
-122.25,37.79,228.0,55.0,2.1,75000.0,NEAR BAY
-122.21,37.8,1260.0,552.0,2.8929,216700.0,NEAR BAY
-122.14,37.67,641.0,243.0,4.0682,196200.0,NEAR BAY
-122.3,37.88,749.0,137.0,1.475,187500.0,NEAR BAY
-122.29,37.9,576.0,236.0,3.3333,276800.0,NEAR BAY
-122.18,37.76,1111.0,367.0,1.8913,91200.0,NEAR BAY
-122.24,37.77,885.0,373.0,3.6417,206300.0,NEAR BAY
-122.28,37.82,1074.0,304.0,1.2171,80300.0,NEAR BAY
-122.14,37.7,606.0,239.0,3.9702,194100.0,NEAR BAY
-122.1,37.63,1377.0,408.0,3.7895,180900.0,NEAR BAY
-122.19,37.83,463.0,190.0,8.2049,335200.0,NEAR BAY
-122.17,37.75,835.0,259.0,2.4962,91800.0,NEAR BAY
-121.91,37.68,1700.0,520.0,5.817,257300.0,<1H OCEAN
-122.17,37.75,597.0,185.0,3.1587,100400.0,NEAR BAY
-122.16,37.75,429.0,154.0,2.925,142900.0,NEAR BAY
-122.25,37.79,1086.0,363.0,2.181,138800.0,NEAR BAY
-122.22,37.78,1807.0,440.0,1.7276,102300.0,NEAR BAY
-122.28,37.87,963.0,521.0,1.9805,173700.0,NEAR BAY
-121.96,38.02,1409.0,505.0,3.016,95300.0,INLAND
-120.72,38.42,2237.0,953.0,3.0465,144100.0,INLAND
-122.26,37.77,793.0,299.0,2.9732,282100.0,NEAR BAY
-121.8,37.69,2222.0,662.0,5.4324,215500.0,INLAND
-122.14,37.73,931.0,368.0,3.8125,235100.0,NEAR BAY
-122.2,37.8,1115.0,455.0,4.9559,273000.0,NEAR BAY
-122.19,37.79,462.0,184.0,2.9844,179900.0,NEAR BAY
-122.2,37.76,826.0,279.0,1.75,85700.0,NEAR BAY
-122.16,37.79,4985.0,1967.0,5.9849,371000.0,NEAR BAY
-122.08,37.69,629.0,244.0,3.3478,184900.0,NEAR BAY
-122.19,37.71,158.0,58.0,5.5461,262500.0,NEAR BAY
-122.06,37.67,1830.0,743.0,4.2733,180700.0,NEAR BAY
-122.07,37.71,746.0,270.0,5.3015,254900.0,NEAR BAY
-122.18,37.74,1339.0,354.0,2.2467,88900.0,NEAR BAY
-122.1,37.68,1162.0,389.0,3.125,167100.0,NEAR BAY
-122.25,37.8,1197.0,488.0,3.0149,218400.0,NEAR BAY
-122.15,37.73,1573.0,736.0,2.8355,245400.0,NEAR BAY
-122.28,37.84,1168.0,441.0,1.9615,115200.0,NEAR BAY
-122.09,37.64,853.0,271.0,4.1141,173100.0,NEAR BAY
-121.78,38.01,1216.0,422.0,4.4491,133900.0,INLAND
-121.77,38.01,1417.0,510.0,3.9861,168100.0,INLAND
-120.66,38.4,985.0,381.0,3.175,118500.0,INLAND
-122.19,37.76,522.0,159.0,1.2083,72500.0,NEAR BAY
-122.24,37.83,794.0,376.0,5.956,366100.0,NEAR BAY
-122.28,37.77,870.0,347.0,2.9688,220800.0,NEAR BAY
-122.16,37.77,857.0,316.0,3.0958,145800.0,NEAR BAY
-122.28,37.86,393.0,189.0,3.8594,196400.0,NEAR BAY
-121.98,37.53,2142.0,639.0,4.1947,222700.0,<1H OCEAN
-122.15,37.75,946.0,331.0,3.225,135800.0,NEAR BAY
-122.21,37.78,779.0,245.0,3.0536,137500.0,NEAR BAY
-122.23,37.76,1303.0,535.0,5.1039,273800.0,NEAR BAY
-122.2,37.76,1925.0,667.0,1.4097,84600.0,NEAR BAY
-122.16,37.7,1203.0,379.0,5.0043,190400.0,NEAR BAY
-122.07,37.69,1021.0,552.0,2.5362,203800.0,NEAR BAY
-122.19,37.78,496.0,209.0,5.2328,174200.0,NEAR BAY
-122.18,37.79,236.0,106.0,5.2578,253000.0,NEAR BAY
-122.11,37.67,599.0,224.0,3.0917,167200.0,NEAR BAY
-122.18,37.71,519.0,135.0,3.375,157500.0,NEAR BAY
-122.33,37.89,551.0,266.0,4.5268,207400.0,NEAR BAY
-122.21,37.78,792.0,245.0,2.6583,142600.0,NEAR BAY
-122.11,37.71,1950.0,819.0,4.65,206800.0,NEAR BAY
-120.88,38.32,1187.0,438.0,3.2589,103000.0,INLAND
-122.16,37.76,1438.0,519.0,2.4598,155500.0,NEAR BAY
-122.13,37.67,914.0,317.0,3.8676,184000.0,NEAR BAY
-121.82,38.0,985.0,420.0,2.8466,113400.0,INLAND
-122.3,37.87,228.0,100.0,2.1705,150000.0,NEAR BAY
-122.23,37.79,859.0,219.0,2.293,106300.0,NEAR BAY
-122.16,37.71,632.0,253.0,4.5553,191000.0,NEAR BAY
-122.25,37.82,1749.0,1217.0,3.0233,255000.0,NEAR BAY
-122.19,37.79,1737.0,669.0,2.9297,140500.0,NEAR BAY
-122.27,37.85,152.0,77.0,2.2841,106300.0,NEAR BAY
-122.19,37.79,546.0,201.0,2.6667,172800.0,NEAR BAY
-122.28,37.85,317.0,119.0,2.4038,107500.0,NEAR BAY
-120.91,38.73,2645.0,838.0,4.835,230600.0,INLAND
-122.09,37.67,1408.0,478.0,3.1115,153500.0,NEAR BAY
-122.28,37.9,779.0,312.0,7.1754,362900.0,NEAR BAY
-122.21,37.8,506.0,252.0,4.0977,229700.0,NEAR BAY
-122.23,37.78,994.0,213.0,3.0257,80800.0,NEAR BAY
-121.59,39.78,1063.0,543.0,1.4048,86500.0,INLAND
-122.25,37.89,356.0,181.0,6.1593,344000.0,NEAR BAY
-122.0,37.96,2033.0,647.0,4.5833,190700.0,INLAND
-122.11,37.7,828.0,443.0,2.1552,161400.0,NEAR BAY
-121.99,37.58,1276.0,485.0,6.2073,282500.0,<1H OCEAN
-122.18,37.8,955.0,328.0,6.7527,285800.0,NEAR BAY
-122.17,37.74,693.0,178.0,2.25,84200.0,NEAR BAY
-122.26,37.88,483.0,249.0,4.2788,332500.0,NEAR BAY
-121.79,38.01,1749.0,618.0,3.1728,146800.0,INLAND
-122.14,37.75,579.0,202.0,6.8323,255900.0,NEAR BAY
-122.19,37.76,1030.0,350.0,2.4659,94700.0,NEAR BAY
-122.25,37.81,686.0,422.0,3.1691,259400.0,NEAR BAY
-122.19,37.77,1132.0,349.0,2.7159,101400.0,NEAR BAY
-122.09,37.7,2239.0,1051.0,2.9861,208200.0,NEAR BAY
-122.29,37.88,920.0,425.0,2.9926,192100.0,NEAR BAY
-122.08,37.63,1534.0,346.0,3.6458,156600.0,NEAR BAY
-122.25,37.77,825.0,264.0,3.4531,208800.0,NEAR BAY
-122.13,37.71,609.0,270.0,3.5781,180000.0,NEAR BAY
-122.18,37.75,652.0,213.0,2.069,84600.0,NEAR BAY
-122.2,37.78,869.0,327.0,4.5893,163500.0,NEAR BAY
-121.74,37.95,2399.0,763.0,5.7104,186300.0,INLAND
-122.11,37.67,952.0,370.0,3.8,187500.0,NEAR BAY
-122.11,37.68,1197.0,465.0,2.5772,170200.0,NEAR BAY
-122.28,37.8,191.0,34.0,0.75,162500.0,NEAR BAY
-122.24,37.76,979.0,472.0,3.4762,244000.0,NEAR BAY
-121.87,37.66,315.0,123.0,5.0677,233300.0,INLAND
-122.12,37.71,632.0,289.0,3.0345,152100.0,NEAR BAY
-118.95,35.4,2136.0,883.0,3.6875,101700.0,INLAND
-124.1,41.04,890.0,370.0,1.9741,97900.0,NEAR OCEAN
-121.84,39.76,1215.0,548.0,2.3155,102300.0,INLAND
-122.07,38.0,462.0,184.0,3.625,156300.0,NEAR BAY
-121.93,38.01,1142.0,365.0,5.3363,160800.0,INLAND
-122.36,37.93,1047.0,432.0,1.7727,86100.0,NEAR BAY
-115.49,32.67,2185.0,602.0,1.375,70100.0,INLAND
-122.08,37.61,1039.0,395.0,3.7931,203900.0,NEAR BAY
-122.02,37.95,1660.0,508.0,5.6642,237000.0,NEAR BAY
-121.9,37.67,876.0,285.0,7.2639,332400.0,<1H OCEAN
-122.08,37.61,1568.0,433.0,5.0406,261400.0,NEAR BAY
-122.36,37.95,773.0,248.0,2.7714,104700.0,NEAR BAY
-121.49,39.49,1174.0,429.0,2.9965,88900.0,INLAND
-121.89,38.01,2362.0,641.0,3.0042,103900.0,INLAND
-119.92,38.91,984.0,328.0,5.0718,162500.0,INLAND
-122.08,37.92,796.0,274.0,6.195,264900.0,NEAR BAY
-122.09,37.71,1086.0,367.0,5.1498,266400.0,NEAR BAY
-121.59,39.82,875.0,354.0,2.3507,97600.0,INLAND
-122.27,37.77,1033.0,434.0,5.5337,372000.0,NEAR BAY
-122.1,37.72,922.0,350.0,5.8382,330200.0,NEAR BAY
-122.15,37.72,540.0,266.0,3.375,198300.0,NEAR BAY
-122.14,37.7,695.0,330.0,4.5859,187200.0,NEAR BAY
-122.05,37.68,1019.0,340.0,6.1104,240700.0,NEAR BAY
-121.63,39.75,569.0,257.0,1.8616,70500.0,INLAND
-121.89,37.49,1981.0,591.0,9.7194,500001.0,<1H OCEAN
-121.94,37.54,1067.0,410.0,6.7599,356000.0,<1H OCEAN
-122.08,37.66,1349.0,437.0,2.1382,166600.0,NEAR BAY
-121.85,39.72,5022.0,1524.0,1.6911,98800.0,INLAND
-121.91,37.69,926.0,299.0,5.9345,259600.0,<1H OCEAN
-118.36,34.18,995.0,386.0,2.9583,188700.0,<1H OCEAN
-122.09,37.7,867.0,329.0,4.3375,241800.0,NEAR BAY
-121.98,37.96,2209.0,1014.0,3.1573,126700.0,INLAND
-122.18,37.72,1003.0,305.0,3.8047,156700.0,NEAR BAY
-122.07,37.65,2181.0,740.0,3.016,161800.0,NEAR BAY
-122.07,37.96,552.0,194.0,5.0445,196200.0,NEAR BAY
-122.05,37.61,705.0,351.0,2.8971,163900.0,NEAR BAY
-121.93,37.54,596.0,220.0,6.629,352400.0,<1H OCEAN
-121.88,39.74,7517.0,3262.0,1.6785,153100.0,INLAND
-121.93,37.49,648.0,245.0,3.5714,300000.0,<1H OCEAN
-122.06,37.68,2667.0,1047.0,3.1796,170300.0,NEAR BAY
-122.15,37.69,957.0,335.0,5.1312,183600.0,NEAR BAY
-121.8,38.0,1316.0,459.0,3.5368,122500.0,INLAND
-122.05,37.93,1503.0,881.0,4.0473,266500.0,NEAR BAY
-122.13,37.69,560.0,237.0,2.875,161700.0,NEAR BAY
-122.16,37.7,568.0,225.0,2.9917,194600.0,NEAR BAY
-122.14,37.73,711.0,353.0,3.0673,218400.0,NEAR BAY
-122.06,37.64,729.0,220.0,3.8259,146100.0,NEAR BAY
-121.89,37.67,852.0,295.0,6.5285,300400.0,INLAND
-121.86,39.75,856.0,293.0,3.5046,118300.0,INLAND
-121.6,39.77,699.0,296.0,1.875,84000.0,INLAND
-122.27,37.88,989.0,550.0,3.0132,272900.0,NEAR BAY
-121.71,39.71,1174.0,514.0,3.066,102600.0,INLAND
-122.06,37.73,1738.0,512.0,7.0568,412500.0,NEAR BAY
-120.41,38.33,529.0,226.0,3.024,100900.0,INLAND
-122.25,37.81,389.0,228.0,3.125,237500.0,NEAR BAY
-122.26,37.87,1721.0,949.0,1.1859,241700.0,NEAR BAY
-122.08,37.63,391.0,107.0,4.0682,156900.0,NEAR BAY
-122.13,37.67,1625.0,665.0,3.2434,179900.0,NEAR BAY
-122.15,37.72,2024.0,962.0,2.8125,157400.0,NEAR BAY
-120.83,38.74,1714.0,734.0,2.2269,128300.0,INLAND
-122.26,37.84,462.0,189.0,1.025,118800.0,NEAR BAY
-122.27,37.85,929.0,366.0,1.7135,159800.0,NEAR BAY
-122.1,37.97,1753.0,646.0,5.6931,269600.0,NEAR BAY
-121.91,39.03,657.0,199.0,2.7841,65800.0,INLAND
-122.06,37.77,5781.0,2007.0,7.2634,341600.0,NEAR BAY
-121.85,39.73,1107.0,98.0,3.4191,137500.0,INLAND
-119.71,36.79,966.0,355.0,3.6681,82000.0,INLAND
-122.0,37.55,3026.0,1134.0,4.1591,332400.0,<1H OCEAN
-122.13,37.7,2162.0,998.0,2.6321,223100.0,NEAR BAY
-122.25,37.76,1340.0,632.0,3.567,252900.0,NEAR BAY
-122.22,37.77,866.0,259.0,2.59,96400.0,NEAR BAY
-122.7,38.99,181.0,105.0,2.3558,134700.0,INLAND
-122.15,37.68,929.0,383.0,4.2841,213400.0,NEAR BAY
-121.63,38.04,888.0,326.0,3.2619,183800.0,INLAND
-119.78,36.85,292.0,164.0,2.8274,79500.0,INLAND
-122.28,37.89,412.0,168.0,5.7912,327100.0,NEAR BAY
-122.2,37.78,1128.0,378.0,2.5401,129100.0,NEAR BAY
-122.21,37.78,1390.0,569.0,2.7352,137300.0,NEAR BAY
-122.11,37.69,768.0,309.0,3.4643,160900.0,NEAR BAY
-122.07,37.7,1487.0,694.0,3.0,223200.0,NEAR BAY
-121.96,37.71,3386.0,1062.0,7.2494,336500.0,<1H OCEAN
-122.16,37.74,567.0,211.0,3.4844,129500.0,NEAR BAY
-122.24,37.76,1110.0,492.0,3.6719,229800.0,NEAR BAY
-122.34,37.94,786.0,411.0,1.681,145500.0,NEAR BAY
-121.56,39.52,358.0,197.0,1.7708,79500.0,INLAND
-122.02,37.94,1317.0,594.0,4.125,267100.0,NEAR BAY
-121.7,39.37,911.0,365.0,1.7885,57000.0,INLAND
-122.21,38.02,1094.0,324.0,6.0224,198500.0,NEAR BAY
-120.02,38.76,725.0,285.0,4.3333,121400.0,INLAND
-122.9,39.17,649.0,232.0,2.575,73600.0,INLAND
-122.2,37.84,844.0,343.0,6.0666,311500.0,NEAR BAY
-122.07,37.66,2461.0,1042.0,3.875,179300.0,NEAR BAY
-122.11,37.64,854.0,301.0,5.2312,197600.0,NEAR BAY
-122.24,37.76,827.0,446.0,2.6833,240900.0,NEAR BAY
-122.08,37.71,781.0,301.0,5.0519,227000.0,NEAR BAY
-122.13,38.02,940.0,451.0,2.9583,166000.0,NEAR BAY
-121.7,37.98,1562.0,512.0,5.1041,172900.0,INLAND
-121.79,39.73,2887.0,1077.0,3.0625,116300.0,INLAND
-122.28,37.84,395.0,155.0,1.6875,132000.0,NEAR BAY
-122.18,37.7,1209.0,519.0,4.0268,205500.0,NEAR BAY
-122.09,37.91,3486.0,1380.0,7.0895,306900.0,NEAR BAY
-122.04,37.62,328.0,134.0,3.8125,204200.0,NEAR BAY
-122.27,37.8,1327.0,467.0,1.8477,179200.0,NEAR BAY
-122.28,37.85,1102.0,397.0,1.808,105500.0,NEAR BAY
-122.03,37.62,632.0,204.0,3.8929,209500.0,NEAR BAY
-122.13,37.7,1810.0,703.0,3.9032,218000.0,NEAR BAY
-122.15,37.7,672.0,261.0,3.5547,194700.0,NEAR BAY
-122.27,37.78,718.0,265.0,2.6806,207900.0,NEAR BAY
-122.17,37.76,1074.0,355.0,1.9356,90600.0,NEAR BAY
-122.19,37.8,637.0,277.0,4.0114,263400.0,NEAR BAY
-122.19,37.76,1144.0,351.0,0.7683,81800.0,NEAR BAY
-122.25,37.77,2086.0,1053.0,2.975,243400.0,NEAR BAY
-122.14,37.76,545.0,211.0,5.5701,252800.0,NEAR BAY
-122.25,37.86,514.0,202.0,7.0897,446200.0,NEAR BAY
-122.27,37.85,675.0,255.0,1.9028,150800.0,NEAR BAY
-122.3,37.9,2420.0,1146.0,4.5824,256100.0,NEAR BAY
-122.27,37.85,1800.0,815.0,2.7054,182300.0,NEAR BAY
-121.96,37.51,3215.0,1086.0,4.4107,223500.0,<1H OCEAN
-122.28,37.75,583.0,326.0,3.1972,100000.0,NEAR BAY
-122.3,37.88,208.0,98.0,1.6971,138800.0,NEAR BAY
-122.18,37.74,380.0,123.0,2.3456,83500.0,NEAR BAY
-122.26,37.83,946.0,395.0,2.0978,155400.0,NEAR BAY
-122.13,37.67,880.0,332.0,3.1734,181600.0,NEAR BAY
-122.15,37.73,317.0,143.0,4.9135,275000.0,NEAR BAY
-122.27,37.8,800.0,362.0,2.0938,162500.0,NEAR BAY
-122.2,37.8,1059.0,399.0,3.8487,203300.0,NEAR BAY
-122.28,37.83,901.0,403.0,1.4103,103900.0,NEAR BAY
-122.27,37.85,843.0,319.0,1.3785,142300.0,NEAR BAY
-122.2,37.81,1067.0,426.0,6.7851,323500.0,NEAR BAY
-122.28,37.88,1058.0,464.0,4.1429,259600.0,NEAR BAY
-122.29,37.86,815.0,372.0,1.9946,156900.0,NEAR BAY
-122.28,37.9,658.0,244.0,10.0825,397000.0,NEAR BAY
-122.11,37.69,1562.0,618.0,2.6464,155200.0,NEAR BAY
-122.23,37.78,415.0,126.0,2.6429,71300.0,NEAR BAY
-122.04,37.55,1446.0,515.0,4.4357,291700.0,NEAR BAY
-122.16,37.73,994.0,412.0,4.1164,198200.0,NEAR BAY
-122.25,37.77,1468.0,567.0,3.0161,215700.0,NEAR BAY
-122.06,37.7,821.0,315.0,4.6005,231600.0,NEAR BAY
-122.27,37.77,872.0,363.0,4.1667,225800.0,NEAR BAY
-122.24,37.75,1499.0,797.0,4.8711,286600.0,NEAR BAY
-122.22,37.85,2031.0,956.0,5.457,337300.0,NEAR BAY
-122.08,37.68,1479.0,668.0,3.5295,242200.0,NEAR BAY
-122.25,37.81,895.0,613.0,2.5795,350000.0,NEAR BAY
-122.24,37.85,901.0,367.0,7.2354,391100.0,NEAR BAY
-122.26,37.81,202.0,91.0,2.0062,125000.0,NEAR BAY
-122.27,37.83,754.0,329.0,1.375,104900.0,NEAR BAY
-121.6,39.68,844.0,330.0,2.3958,111200.0,INLAND
-122.26,37.83,718.0,382.0,2.6768,182300.0,NEAR BAY
-122.27,37.82,700.0,352.0,1.775,112500.0,NEAR BAY
-122.28,37.85,1005.0,449.0,2.4167,152700.0,NEAR BAY
-122.18,37.77,1479.0,554.0,2.2768,96200.0,NEAR BAY
-122.29,37.89,1498.0,696.0,3.1795,218200.0,NEAR BAY
-122.27,37.8,396.0,85.0,1.2434,500001.0,NEAR BAY
-121.7,37.91,825.0,267.0,4.8958,187100.0,INLAND
-121.78,38.0,1094.0,396.0,5.3245,174500.0,INLAND
-121.81,39.7,2948.0,980.0,1.5863,81300.0,INLAND
-122.05,37.68,3827.0,1294.0,5.1701,216800.0,NEAR BAY
-122.25,37.8,1715.0,1015.0,2.9345,225000.0,NEAR BAY
-122.23,37.76,374.0,176.0,4.1458,248500.0,NEAR BAY
-122.36,37.96,316.0,52.0,0.716,104200.0,NEAR BAY
-122.28,37.88,811.0,406.0,3.006,227900.0,NEAR BAY
-122.22,37.82,808.0,315.0,11.8603,500001.0,NEAR BAY
-122.22,37.77,547.0,135.0,2.8015,114800.0,NEAR BAY
-122.26,37.89,1205.0,504.0,6.6828,370900.0,NEAR BAY
-122.24,37.76,1128.0,522.0,3.0718,266700.0,NEAR BAY
-122.29,37.76,1243.0,663.0,5.1702,265400.0,NEAR BAY
-121.98,37.97,1232.0,409.0,5.9617,231100.0,INLAND
-121.97,37.53,1273.0,406.0,5.4299,236400.0,<1H OCEAN
-122.09,37.68,1120.0,540.0,2.4042,205600.0,NEAR BAY
-122.29,37.87,792.0,321.0,2.525,165900.0,NEAR BAY
-122.28,37.82,701.0,233.0,1.6098,87500.0,NEAR BAY
-122.15,37.69,863.0,267.0,4.0109,192900.0,NEAR BAY
-121.69,39.36,635.0,165.0,1.8355,63000.0,INLAND
-122.04,37.59,1116.0,273.0,5.3428,243600.0,NEAR BAY
-122.28,37.83,1623.0,765.0,2.6997,126900.0,NEAR BAY
-122.14,37.73,823.0,334.0,5.0,264700.0,NEAR BAY
-122.27,37.86,486.0,267.0,2.6071,250000.0,NEAR BAY
-122.21,37.79,600.0,195.0,3.0893,125000.0,NEAR BAY
-121.77,37.68,277.0,109.0,2.6667,179200.0,INLAND
-122.28,37.85,1054.0,466.0,2.2625,132900.0,NEAR BAY
-121.63,39.76,1151.0,490.0,2.8182,109700.0,INLAND
-122.27,37.85,719.0,326.0,2.2431,172700.0,NEAR BAY
-122.14,37.72,288.0,132.0,3.5156,218900.0,NEAR BAY
-122.28,37.85,281.0,132.0,2.9018,119400.0,NEAR BAY
-122.28,37.84,863.0,378.0,1.9274,122300.0,NEAR BAY
-122.18,37.76,933.0,320.0,2.2917,107000.0,NEAR BAY
-121.86,38.0,1504.0,453.0,5.25,161700.0,INLAND
-122.18,37.75,651.0,166.0,1.712,82100.0,NEAR BAY
-122.1,37.64,735.0,278.0,4.6635,206700.0,NEAR BAY
-122.13,37.68,924.0,328.0,3.6,179400.0,NEAR BAY
-122.24,37.86,517.0,214.0,7.8521,500001.0,NEAR BAY
-122.12,37.68,975.0,375.0,4.0417,191100.0,NEAR BAY
-122.02,37.56,2461.0,829.0,4.3594,223400.0,NEAR BAY
-122.13,37.72,976.0,392.0,3.8393,243500.0,NEAR BAY
-121.99,37.96,1228.0,426.0,5.5872,200600.0,INLAND
-122.04,37.95,341.0,133.0,4.7188,197100.0,NEAR BAY
-122.22,37.8,1073.0,441.0,3.0298,199600.0,NEAR BAY
-122.05,37.93,2957.0,1546.0,4.45,184900.0,NEAR BAY
-121.52,39.48,1364.0,468.0,2.0455,59400.0,INLAND
-121.95,37.54,1724.0,585.0,4.6641,248900.0,<1H OCEAN
-122.21,37.8,1221.0,446.0,3.0757,151000.0,NEAR BAY
-122.27,37.84,690.0,275.0,2.6033,162900.0,NEAR BAY
-122.09,37.7,731.0,263.0,6.005,263900.0,NEAR BAY
-122.1,37.7,1413.0,595.0,4.3819,209200.0,NEAR BAY
-122.21,37.79,859.0,292.0,2.9583,138800.0,NEAR BAY
-122.25,37.8,1710.0,644.0,1.6504,151800.0,NEAR BAY
-122.09,37.69,273.0,120.0,3.3125,150000.0,NEAR BAY
-121.77,37.68,629.0,288.0,4.6806,209400.0,INLAND
-122.07,37.63,1401.0,453.0,4.5913,177600.0,NEAR BAY
-122.27,37.89,723.0,272.0,5.3989,335600.0,NEAR BAY
-122.17,37.74,749.0,225.0,3.0298,107600.0,NEAR BAY
-122.32,37.97,991.0,300.0,4.6937,134100.0,NEAR BAY
-122.23,37.82,1005.0,369.0,8.1872,466100.0,NEAR BAY
-122.18,37.7,1398.0,525.0,3.3906,178900.0,NEAR BAY
-122.3,37.84,3100.0,2051.0,4.0018,143800.0,NEAR BAY
-121.94,37.56,2412.0,714.0,8.3996,442900.0,<1H OCEAN
-121.81,39.71,708.0,281.0,2.0288,116700.0,INLAND
-121.99,37.56,3288.0,1235.0,4.3393,231200.0,<1H OCEAN
-121.95,37.74,518.0,167.0,6.3325,250000.0,<1H OCEAN
-119.45,36.61,693.0,243.0,3.7917,90500.0,INLAND
-120.91,38.11,1800.0,598.0,3.636,133100.0,INLAND
-121.98,37.8,1027.0,343.0,8.155,343700.0,<1H OCEAN
-122.03,37.99,882.0,350.0,4.59,166600.0,NEAR BAY
-122.09,38.0,4377.0,1789.0,5.2015,204200.0,NEAR BAY
-122.16,37.69,625.0,228.0,3.7813,192200.0,NEAR BAY
-122.25,37.86,1656.0,459.0,3.0417,489600.0,NEAR BAY
-122.11,37.67,2037.0,703.0,3.0645,165400.0,NEAR BAY
-122.02,37.56,914.0,316.0,5.5737,214500.0,NEAR BAY
-122.03,37.6,1488.0,389.0,4.5721,214700.0,NEAR BAY
-121.91,37.69,1395.0,427.0,6.3132,259200.0,<1H OCEAN
-122.1,37.65,252.0,82.0,4.5303,175000.0,NEAR BAY
-122.08,37.65,3069.0,1299.0,2.7694,161900.0,NEAR BAY
-122.16,37.77,570.0,218.0,4.375,161900.0,NEAR BAY
-121.73,37.71,2595.0,1067.0,3.9864,200200.0,INLAND
-122.25,37.8,1335.0,773.0,1.3929,193800.0,NEAR BAY
-122.03,37.61,1002.0,281.0,3.7262,164900.0,NEAR BAY
-121.98,37.81,1127.0,372.0,5.5921,359100.0,<1H OCEAN
-124.05,40.85,1005.0,401.0,3.5156,143000.0,NEAR OCEAN
-122.29,37.88,1034.0,475.0,3.1065,229200.0,NEAR BAY
-121.83,37.99,935.0,279.0,4.4853,145900.0,INLAND
-122.26,37.84,467.0,198.0,3.9643,188800.0,NEAR BAY
-122.25,37.84,1551.0,714.0,3.6912,261100.0,NEAR BAY
-121.92,37.72,2302.0,687.0,5.347,219500.0,<1H OCEAN
-121.82,38.01,1614.0,568.0,3.4722,127000.0,INLAND
-122.28,37.81,762.0,439.0,0.9241,177500.0,NEAR BAY
-121.96,37.53,1278.0,492.0,4.2955,218800.0,<1H OCEAN
-122.25,37.89,987.0,450.0,7.5385,350000.0,NEAR BAY
-121.72,37.7,729.0,252.0,6.1023,450000.0,INLAND
-122.01,37.53,2346.0,709.0,6.0667,245700.0,NEAR BAY
-122.0,37.54,2023.0,749.0,5.1616,275100.0,<1H OCEAN
-121.56,39.51,871.0,347.0,1.6352,53100.0,INLAND
-121.99,37.55,1106.0,453.0,4.8403,268600.0,<1H OCEAN
-122.12,38.01,691.0,239.0,3.9519,126500.0,NEAR BAY
-122.1,37.67,2479.0,903.0,2.9564,150500.0,NEAR BAY
-122.08,37.7,1645.0,710.0,3.4934,209900.0,NEAR BAY
-122.08,37.69,740.0,284.0,2.8512,181000.0,NEAR BAY
-121.58,39.76,733.0,318.0,1.7875,103800.0,INLAND
-122.17,37.77,912.0,322.0,3.3958,141900.0,NEAR BAY
-122.01,37.99,918.0,351.0,3.7841,144900.0,NEAR BAY
-121.85,37.72,83.0,42.0,10.3203,400000.0,INLAND
-122.26,37.78,496.0,216.0,2.9213,190800.0,NEAR BAY
-122.23,37.82,556.0,179.0,8.7477,500001.0,NEAR BAY
-122.13,37.7,1333.0,544.0,3.4583,183700.0,NEAR BAY
-122.21,37.82,813.0,350.0,7.0549,331400.0,NEAR BAY
-122.08,37.67,233.0,152.0,0.9637,160000.0,NEAR BAY
-121.6,39.75,984.0,499.0,1.9766,92600.0,INLAND
-121.69,37.95,1348.0,403.0,3.8125,125400.0,INLAND
-122.14,37.72,555.0,248.0,2.983,202700.0,NEAR BAY
-122.29,37.84,1017.0,414.0,2.2106,132500.0,NEAR BAY
-122.26,37.85,697.0,264.0,2.125,140000.0,NEAR BAY
-122.08,37.58,1657.0,410.0,5.5218,254400.0,NEAR BAY
-121.76,37.67,1225.0,468.0,6.3705,350000.0,INLAND
-119.63,36.76,1795.0,613.0,4.925,154700.0,INLAND
-121.65,38.03,1095.0,482.0,3.4402,192400.0,INLAND
-122.24,37.85,1366.0,496.0,9.3959,500001.0,NEAR BAY
-122.06,37.6,3174.0,817.0,5.8704,234400.0,NEAR BAY
-122.01,37.54,1128.0,395.0,5.0,287600.0,NEAR BAY
-122.07,37.97,856.0,341.0,3.7262,211800.0,NEAR BAY
-122.17,37.72,2139.0,789.0,4.0202,166300.0,NEAR BAY
-122.1,37.66,768.0,234.0,4.275,185300.0,NEAR BAY
-122.27,37.73,2973.0,1312.0,3.2689,231000.0,NEAR BAY
-122.12,37.68,1146.0,448.0,2.95,148900.0,NEAR BAY
-119.68,36.83,1110.0,339.0,6.1133,120000.0,INLAND
-122.07,37.71,1235.0,455.0,4.9801,241500.0,NEAR BAY
-122.0,38.03,1235.0,431.0,6.0424,165900.0,INLAND
-121.84,39.73,311.0,100.0,1.5481,200000.0,INLAND
-121.99,37.55,4649.0,1903.0,2.9074,213800.0,<1H OCEAN
-122.26,37.85,1504.0,734.0,3.2705,241800.0,NEAR BAY
-122.27,37.81,183.0,56.0,1.1667,112500.0,NEAR BAY
-122.12,37.69,695.0,279.0,3.4375,157800.0,NEAR BAY
-122.28,37.86,788.0,346.0,2.8214,164300.0,NEAR BAY
-121.55,39.51,485.0,260.0,1.1607,51700.0,INLAND
-122.26,37.77,663.0,340.0,4.226,275000.0,NEAR BAY
-122.21,37.76,1085.0,300.0,1.7546,80600.0,NEAR BAY
-122.23,37.77,409.0,160.0,3.3214,189600.0,NEAR BAY
-121.95,37.78,5613.0,2579.0,6.3942,356700.0,<1H OCEAN
-122.25,37.82,1806.0,1022.0,2.6429,218500.0,NEAR BAY
-122.26,37.83,689.0,309.0,3.48,191400.0,NEAR BAY
-122.28,37.88,403.0,172.0,3.2344,245500.0,NEAR BAY
-122.08,37.71,1004.0,365.0,5.4639,238600.0,NEAR BAY
-122.14,37.69,1093.0,555.0,2.9958,178400.0,NEAR BAY
-122.15,37.74,611.0,288.0,2.2,187500.0,NEAR BAY
-122.28,37.81,467.0,169.0,1.8088,118800.0,NEAR BAY
-122.3,37.81,521.0,159.0,1.191,76100.0,NEAR BAY
-122.17,37.75,828.0,230.0,2.5043,92300.0,NEAR BAY
-122.1,37.69,1444.0,568.0,3.7222,195800.0,NEAR BAY
-122.26,37.78,528.0,208.0,3.3438,201300.0,NEAR BAY
-122.26,37.84,990.0,419.0,1.9911,158700.0,NEAR BAY
-122.26,37.83,660.0,292.0,3.0125,184400.0,NEAR BAY
-122.24,37.82,1444.0,718.0,3.9,275700.0,NEAR BAY
-122.24,37.79,1464.0,389.0,2.1638,105500.0,NEAR BAY
-122.26,37.82,2048.0,1180.0,2.8345,183800.0,NEAR BAY
-122.23,37.78,1008.0,255.0,1.4844,119400.0,NEAR BAY
-122.28,37.81,346.0,155.0,0.8075,137500.0,NEAR BAY
-122.22,37.81,1034.0,521.0,5.3509,302100.0,NEAR BAY
-122.28,37.85,607.0,239.0,2.4597,93800.0,NEAR BAY
-122.26,37.82,423.0,160.0,0.9506,187500.0,NEAR BAY
-122.12,37.69,1580.0,536.0,4.1042,179100.0,NEAR BAY
-122.27,37.85,793.0,331.0,2.775,152500.0,NEAR BAY
-122.27,37.82,1162.0,400.0,1.2475,104200.0,NEAR BAY
-122.17,37.74,494.0,179.0,2.4776,101600.0,NEAR BAY
-122.18,37.88,231.0,121.0,4.9,354200.0,NEAR BAY
-120.0,38.52,202.0,102.0,3.15,140600.0,INLAND
-121.85,39.74,623.0,264.0,2.2833,85800.0,INLAND
-121.97,37.53,1353.0,413.0,4.75,197000.0,<1H OCEAN
-122.27,37.87,707.0,350.0,2.8846,211300.0,NEAR BAY
-122.12,37.69,1140.0,472.0,2.3973,167300.0,NEAR BAY
-122.03,37.69,83.0,31.0,6.5,340000.0,NEAR BAY
-121.93,37.53,2855.0,960.0,4.7478,243500.0,<1H OCEAN
-122.29,37.81,18.0,7.0,0.4999,67500.0,NEAR BAY
-122.27,37.84,1026.0,335.0,1.7969,110400.0,NEAR BAY
-122.04,37.97,1174.0,573.0,2.9861,160900.0,NEAR BAY
-121.8,39.64,1109.0,403.0,2.8306,87500.0,INLAND
-122.29,37.89,870.0,377.0,3.4732,246200.0,NEAR BAY
-122.08,37.58,2003.0,488.0,6.0074,236500.0,NEAR BAY
-122.26,37.84,345.0,174.0,2.6736,191300.0,NEAR BAY
-122.3,37.81,788.0,332.0,0.8056,84400.0,NEAR BAY
-120.57,38.2,1796.0,706.0,2.6417,122300.0,INLAND
-122.12,37.68,1159.0,399.0,3.4839,180600.0,NEAR BAY
-122.27,37.9,572.0,236.0,6.174,358800.0,NEAR BAY
-122.29,37.81,582.0,277.0,0.7286,95200.0,NEAR BAY
-121.62,37.61,771.0,279.0,5.7239,430600.0,INLAND
-122.23,37.8,949.0,392.0,1.9028,127900.0,NEAR BAY
-121.97,37.52,2530.0,894.0,5.0824,230900.0,<1H OCEAN
-121.73,38.0,3578.0,1272.0,5.0016,189100.0,INLAND
-122.01,37.98,777.0,297.0,3.5179,165500.0,NEAR BAY
-122.13,37.68,1175.0,401.0,4.1974,179300.0,NEAR BAY
-122.06,37.9,2669.0,1554.0,2.6998,216100.0,NEAR BAY
-122.13,39.0,2435.0,747.0,2.2754,59200.0,INLAND
-122.13,37.76,1222.0,533.0,5.37,275400.0,NEAR BAY
-121.96,37.55,1606.0,838.0,4.1387,162500.0,<1H OCEAN
-122.04,37.62,455.0,185.0,4.2857,190400.0,NEAR BAY
-122.17,37.71,481.0,198.0,3.244,179800.0,NEAR BAY
-122.12,37.64,264.0,77.0,3.8875,228100.0,NEAR BAY
-122.14,37.71,1364.0,789.0,2.6101,181700.0,NEAR BAY
-122.24,37.72,7427.0,2718.0,7.611,350700.0,NEAR BAY
-122.06,37.6,1640.0,514.0,4.625,235300.0,NEAR BAY
-122.07,37.57,5019.0,1379.0,6.5615,318300.0,NEAR BAY
-122.23,37.75,654.0,268.0,3.9632,240000.0,NEAR BAY
-122.01,37.55,1276.0,468.0,4.9167,256300.0,NEAR BAY
-122.29,37.78,821.0,300.0,1.9427,102200.0,NEAR BAY
-120.77,38.38,1737.0,743.0,2.3125,128600.0,INLAND
-121.6,39.83,1532.0,660.0,2.3079,95300.0,INLAND
-121.97,37.56,4518.0,1772.0,4.8052,254000.0,<1H OCEAN
-122.08,37.69,1105.0,467.0,3.3021,195700.0,NEAR BAY
-121.85,37.66,1833.0,663.0,5.6399,300600.0,INLAND
-122.23,37.76,658.0,253.0,5.75,306300.0,NEAR BAY
-122.14,37.67,1495.0,543.0,4.8125,188300.0,NEAR BAY
-122.11,37.66,1726.0,643.0,3.09,174100.0,NEAR BAY
-122.11,37.65,2041.0,734.0,3.4861,331600.0,NEAR BAY
-121.99,37.61,2341.0,703.0,4.6458,217000.0,<1H OCEAN
-122.1,37.71,2723.0,1035.0,5.2131,252500.0,NEAR BAY
-121.68,37.93,704.0,238.0,1.6554,119400.0,INLAND
-122.1,37.68,691.0,324.0,3.4032,196900.0,NEAR BAY
-119.85,36.81,1011.0,325.0,3.755,68000.0,INLAND
-121.89,37.99,928.0,461.0,4.1016,170500.0,INLAND
-121.97,37.96,877.0,313.0,4.7891,184800.0,INLAND
-122.03,37.55,4319.0,1404.0,6.992,284800.0,NEAR BAY
-122.09,37.63,735.0,249.0,3.9167,189500.0,NEAR BAY
-120.54,38.75,1102.0,418.0,3.9812,136600.0,INLAND
-122.35,37.94,1358.0,422.0,1.6571,105200.0,NEAR BAY
-122.26,37.82,1838.0,980.0,2.6104,193100.0,NEAR BAY
-122.15,37.67,1171.0,390.0,5.5797,198100.0,NEAR BAY
-122.28,37.77,1901.0,966.0,3.75,242800.0,NEAR BAY
-122.24,37.81,953.0,327.0,6.8591,352400.0,NEAR BAY
-122.25,37.85,413.0,193.0,4.0368,269700.0,NEAR BAY
-122.24,37.85,496.0,177.0,7.2574,352100.0,NEAR BAY
-122.04,37.62,453.0,176.0,6.396,208500.0,NEAR BAY
-122.29,37.8,492.0,147.0,2.6094,81300.0,NEAR BAY
-122.08,37.72,1048.0,367.0,5.6194,274700.0,NEAR BAY
-122.21,37.84,1140.0,496.0,7.0548,325900.0,NEAR BAY
-122.1,37.65,1185.0,501.0,4.5417,194400.0,NEAR BAY
-122.06,37.71,1478.0,529.0,4.635,248600.0,NEAR BAY
-121.9,37.67,3926.0,1229.0,7.4353,389800.0,<1H OCEAN
-122.25,37.81,1373.0,747.0,3.225,218800.0,NEAR BAY
-122.29,37.82,86.0,23.0,6.1183,75000.0,NEAR BAY
-122.3,37.81,392.0,133.0,2.5938,73500.0,NEAR BAY
-122.09,37.65,1414.0,634.0,2.8203,195200.0,NEAR BAY
-122.16,37.73,425.0,207.0,2.5625,175000.0,NEAR BAY
-122.07,37.72,1411.0,484.0,5.4834,295200.0,NEAR BAY
-122.27,37.85,409.0,166.0,1.3578,147500.0,NEAR BAY
-122.27,37.84,1006.0,422.0,2.6,132600.0,NEAR BAY
-122.27,37.85,648.0,303.0,2.1202,155500.0,NEAR BAY
-122.2,37.82,1265.0,500.0,6.3302,362800.0,NEAR BAY
-122.27,37.84,1015.0,478.0,1.725,113900.0,NEAR BAY
-122.08,37.72,1368.0,521.0,6.187,340400.0,NEAR BAY
-120.25,38.55,1103.0,433.0,3.0125,111700.0,INLAND
-120.92,38.86,850.0,326.0,3.2027,128600.0,INLAND
-122.25,37.81,2563.0,1497.0,3.2177,273400.0,NEAR BAY
-122.25,37.79,742.0,196.0,2.6458,125000.0,NEAR BAY
-122.08,37.59,1367.0,355.0,4.235,156300.0,NEAR BAY
-122.04,37.5,307.0,100.0,3.1696,156300.0,NEAR BAY
-122.05,37.63,2240.0,792.0,3.2829,162500.0,NEAR BAY
-122.27,37.81,582.0,380.0,0.977,118800.0,NEAR BAY
-122.26,37.83,517.0,249.0,1.2852,150000.0,NEAR BAY
-122.04,37.67,690.0,242.0,6.0501,254200.0,NEAR BAY
-121.93,37.7,793.0,456.0,4.4087,225600.0,<1H OCEAN
-122.02,37.6,1382.0,338.0,3.694,159600.0,NEAR BAY
-121.87,39.82,2456.0,810.0,4.5032,159700.0,INLAND
-122.25,37.77,872.0,445.0,3.2685,254200.0,NEAR BAY
-120.78,38.74,2008.0,881.0,2.1603,111300.0,INLAND
-122.0,37.54,852.0,357.0,5.8325,298900.0,<1H OCEAN
-124.17,40.77,990.0,359.0,2.2227,81300.0,NEAR OCEAN
-122.01,37.56,1174.0,501.0,3.8179,216100.0,NEAR BAY
-121.99,37.98,969.0,399.0,4.4536,184000.0,INLAND
-121.98,37.53,1610.0,540.0,4.6,223200.0,<1H OCEAN
-119.76,36.75,1676.0,481.0,1.6548,49400.0,INLAND
-120.8,38.31,533.0,242.0,3.2135,123600.0,INLAND
-122.07,37.66,1255.0,587.0,2.6719,161200.0,NEAR BAY
-120.62,38.39,1444.0,603.0,2.7399,134800.0,INLAND
-122.09,37.63,790.0,243.0,4.7019,174100.0,NEAR BAY
-122.26,37.84,1206.0,595.0,2.0804,226700.0,NEAR BAY
-122.09,37.97,2017.0,727.0,6.9961,294100.0,NEAR BAY
-121.84,37.99,2188.0,901.0,3.3625,126100.0,INLAND
-122.01,37.98,956.0,370.0,4.317,194000.0,NEAR BAY
-122.02,37.63,1189.0,573.0,3.8958,301100.0,NEAR BAY
-121.89,39.76,4591.0,1906.0,3.07,142600.0,INLAND
-122.27,37.77,849.0,457.0,2.7115,220800.0,NEAR BAY
-122.14,37.67,1635.0,557.0,4.7933,186900.0,NEAR BAY
-122.25,37.83,939.0,519.0,3.1484,224100.0,NEAR BAY
-122.09,37.65,543.0,184.0,4.3897,190600.0,NEAR BAY
-122.13,37.72,1006.0,444.0,3.524,186200.0,NEAR BAY
-122.12,37.7,1287.0,538.0,2.9922,179900.0,NEAR BAY
-121.77,37.68,950.0,372.0,3.5532,158400.0,INLAND
-122.03,37.62,1001.0,350.0,4.7109,198700.0,NEAR BAY
-121.83,39.74,1290.0,594.0,2.575,130300.0,INLAND
-122.25,37.84,1094.0,514.0,3.6591,299200.0,NEAR BAY
-122.07,37.59,2568.0,653.0,4.6211,151400.0,NEAR BAY
-121.83,37.99,1507.0,460.0,4.7566,142500.0,INLAND
-122.06,37.63,3388.0,1289.0,3.8625,208900.0,NEAR BAY
-122.16,38.02,761.0,277.0,5.1265,196100.0,NEAR BAY
-122.27,37.77,2690.0,1151.0,4.7695,291700.0,NEAR BAY
-121.97,37.97,817.0,273.0,5.7512,240200.0,INLAND
-121.96,37.52,2352.0,734.0,5.2396,223900.0,<1H OCEAN
-122.02,37.87,1209.0,377.0,8.4352,441400.0,NEAR BAY
-122.14,37.74,440.0,192.0,4.0662,204200.0,NEAR BAY
-122.11,37.64,1907.0,746.0,3.6708,197900.0,NEAR BAY
-121.91,37.68,831.0,260.0,6.177,262900.0,<1H OCEAN
-122.25,37.83,2558.0,1661.0,2.4234,218500.0,NEAR BAY
-122.21,37.81,510.0,224.0,5.2402,296400.0,NEAR BAY
-122.29,37.81,560.0,152.0,1.75,75000.0,NEAR BAY
-122.24,37.82,674.0,244.0,4.9306,313400.0,NEAR BAY
-122.29,37.81,377.0,122.0,0.9011,86100.0,NEAR BAY
-122.29,37.82,94.0,57.0,2.5625,60000.0,NEAR BAY
-122.14,37.69,874.0,301.0,4.4659,189100.0,NEAR BAY
-122.07,37.58,1117.0,268.0,6.0661,247000.0,NEAR BAY
-122.26,37.85,910.0,402.0,3.2031,281500.0,NEAR BAY
-122.25,37.83,1786.0,1037.0,3.0897,234100.0,NEAR BAY
-122.1,37.65,796.0,319.0,4.4427,204500.0,NEAR BAY
-122.09,37.89,352.0,132.0,6.8686,406500.0,NEAR BAY
-122.25,37.87,2016.0,477.0,0.949,350000.0,NEAR BAY
-121.9,37.66,3126.0,1115.0,6.4994,323000.0,INLAND
-122.04,37.6,1873.0,602.0,4.3875,238500.0,NEAR BAY
-122.03,37.97,865.0,336.0,3.25,151100.0,NEAR BAY
-122.03,37.59,2530.0,817.0,4.6786,256000.0,NEAR BAY
-121.46,39.4,1970.0,667.0,2.425,96200.0,INLAND
-122.07,37.98,2940.0,1468.0,4.0154,186100.0,NEAR BAY
-121.97,37.52,1776.0,613.0,4.5317,232600.0,<1H OCEAN
-121.85,39.77,2446.0,1199.0,1.9362,89900.0,INLAND
-121.93,37.66,1081.0,400.0,8.3337,500001.0,<1H OCEAN
-122.03,37.56,4446.0,1491.0,4.6978,240300.0,NEAR BAY
-122.17,37.72,814.0,328.0,3.663,158300.0,NEAR BAY
-121.99,37.54,1772.0,516.0,5.3283,227900.0,<1H OCEAN
-122.1,37.66,599.0,206.0,3.7303,149700.0,NEAR BAY
-121.7,39.36,523.0,242.0,1.91,63900.0,INLAND
-121.82,39.73,1160.0,449.0,1.7426,60300.0,INLAND
-122.1,37.61,1727.0,467.0,4.5281,173600.0,NEAR BAY
-120.08,38.8,36.0,15.0,4.625,162500.0,INLAND
-122.04,37.94,2444.0,888.0,5.6292,231400.0,NEAR BAY
-122.36,37.96,1073.0,280.0,1.8664,107800.0,NEAR BAY
-121.82,39.76,2710.0,1149.0,3.0068,107300.0,INLAND
-122.03,37.86,1145.0,376.0,7.2655,494000.0,NEAR BAY
-120.76,38.47,607.0,240.0,3.5,123800.0,INLAND
-121.97,37.97,807.0,296.0,6.1168,210500.0,INLAND
-122.25,37.82,550.0,253.0,5.0917,262500.0,NEAR BAY
-120.02,36.8,1050.0,245.0,2.1618,55300.0,INLAND
-119.84,36.81,937.0,364.0,7.7062,188300.0,INLAND
-121.61,39.76,1026.0,427.0,2.5428,85000.0,INLAND
-121.92,38.01,879.0,262.0,6.1237,166000.0,INLAND
-122.02,37.92,1872.0,636.0,7.4713,351200.0,NEAR BAY
-121.84,39.72,802.0,342.0,0.9566,69000.0,INLAND
-121.73,37.68,8768.0,3293.0,5.4496,238900.0,INLAND
-122.05,37.59,3163.0,1274.0,3.7462,212500.0,NEAR BAY
-120.79,38.54,495.0,187.0,2.05,68900.0,INLAND
-122.03,37.54,3038.0,870.0,5.0739,208000.0,NEAR BAY
-119.56,36.51,2157.0,770.0,2.5033,70100.0,INLAND
-122.09,38.02,1128.0,345.0,3.8824,113700.0,NEAR BAY
-122.17,37.87,472.0,183.0,6.917,438000.0,NEAR BAY
-119.69,36.74,1563.0,538.0,1.5449,62500.0,INLAND
-121.77,39.66,1705.0,600.0,4.712,158600.0,INLAND
-122.11,37.7,1765.0,724.0,2.4206,137500.0,NEAR BAY
-123.68,40.24,917.0,359.0,1.725,54300.0,<1H OCEAN
-122.08,37.64,1109.0,418.0,3.142,179500.0,NEAR BAY
-122.06,37.64,857.0,430.0,3.5541,350000.0,NEAR BAY
-121.85,39.73,2469.0,758.0,0.9393,88900.0,INLAND
-121.88,37.66,1360.0,642.0,3.1127,233000.0,INLAND
-122.06,37.7,1912.0,770.0,3.5187,209400.0,NEAR BAY
-122.04,37.66,867.0,352.0,5.3169,299200.0,NEAR BAY
-121.91,37.71,2038.0,671.0,5.7233,231800.0,<1H OCEAN
-122.15,37.73,830.0,573.0,2.1898,141700.0,NEAR BAY
-122.08,37.64,662.0,226.0,5.7309,177900.0,NEAR BAY
-122.07,37.52,7205.0,2753.0,6.0824,273500.0,NEAR BAY
-122.02,37.99,1237.0,397.0,4.45,161900.0,NEAR BAY
-122.02,37.94,1465.0,623.0,4.2569,213100.0,NEAR BAY
-122.09,37.6,295.0,92.0,2.9706,147900.0,NEAR BAY
-122.37,37.94,912.0,239.0,1.0521,69100.0,NEAR BAY
-120.98,38.34,1793.0,600.0,3.5508,99100.0,INLAND
-122.13,38.0,1206.0,640.0,2.5481,150800.0,NEAR BAY
-121.82,39.72,1879.0,679.0,1.5064,66300.0,INLAND
-121.78,37.69,1157.0,461.0,3.3618,174600.0,INLAND
-122.26,37.77,915.0,413.0,2.9899,228100.0,NEAR BAY
-121.88,37.67,1543.0,577.0,6.5214,311500.0,INLAND
-122.11,38.0,1460.0,543.0,5.76,212600.0,NEAR BAY
-121.65,39.35,1098.0,227.0,1.7552,86400.0,INLAND
-121.63,38.03,1169.0,500.0,3.6694,209400.0,INLAND
-121.95,37.55,4552.0,1520.0,6.6478,333400.0,<1H OCEAN
-122.03,37.61,831.0,268.0,5.097,188600.0,NEAR BAY
-121.92,37.68,706.0,219.0,7.2211,291900.0,<1H OCEAN
-121.78,37.67,1024.0,321.0,5.2649,199800.0,INLAND
-120.76,38.12,3175.0,1115.0,3.8488,130600.0,INLAND
-122.06,37.86,1512.0,986.0,4.4551,252400.0,NEAR BAY
-122.26,38.0,3326.0,872.0,6.2073,272900.0,NEAR BAY
-122.34,37.94,947.0,430.0,3.942,143300.0,NEAR BAY
-120.72,38.24,1061.0,492.0,2.5473,101600.0,INLAND
-121.8,38.01,1088.0,447.0,2.2532,109400.0,INLAND
-122.13,37.72,1030.0,397.0,7.912,367300.0,NEAR BAY
-122.07,37.68,1280.0,431.0,3.25,218100.0,NEAR BAY
-120.56,38.39,563.0,237.0,2.6667,86600.0,INLAND
-119.61,36.94,315.0,135.0,4.2679,151800.0,INLAND
-121.86,39.76,4030.0,1667.0,2.0094,87300.0,INLAND
-121.93,37.72,1453.0,444.0,4.9107,213800.0,<1H OCEAN
-122.28,37.96,734.0,264.0,5.5,201000.0,NEAR BAY
-122.12,37.7,1571.0,579.0,2.5833,159900.0,NEAR BAY
-120.65,38.5,638.0,262.0,2.65,116700.0,INLAND
-121.78,39.71,84.0,29.0,2.125,179200.0,INLAND
-121.97,37.64,485.0,171.0,6.0574,431000.0,<1H OCEAN
-122.6,38.93,572.0,301.0,1.4767,62000.0,INLAND
-120.93,38.26,834.0,305.0,3.2937,114200.0,INLAND
-119.62,36.56,1467.0,403.0,1.8878,51600.0,INLAND
-122.13,37.68,1129.0,422.0,4.0588,182800.0,NEAR BAY
-122.17,37.7,952.0,362.0,4.0,202600.0,NEAR BAY
-122.3,37.93,715.0,306.0,4.5,304000.0,NEAR BAY
-120.01,38.92,689.0,278.0,2.675,104200.0,INLAND
-121.96,37.58,1777.0,559.0,5.7192,283500.0,<1H OCEAN
-118.26,34.11,1445.0,503.0,3.6667,210900.0,<1H OCEAN
-122.32,37.92,1377.0,454.0,5.0187,140600.0,NEAR BAY
-121.52,39.51,1688.0,575.0,2.334,72200.0,INLAND
-121.89,38.02,1827.0,545.0,3.3371,94600.0,INLAND
-120.81,38.89,675.0,268.0,2.9444,119300.0,INLAND
-122.07,37.67,1039.0,394.0,3.875,165300.0,NEAR BAY
-121.57,39.74,705.0,285.0,2.4623,126100.0,INLAND
-120.54,38.41,668.0,267.0,2.5667,77400.0,INLAND
-121.82,37.73,51.0,21.0,4.3472,375000.0,INLAND
-122.05,37.57,6075.0,1797.0,6.1047,278200.0,NEAR BAY
-122.08,37.93,1832.0,662.0,5.0761,233200.0,NEAR BAY
-121.97,39.79,904.0,286.0,3.5735,89600.0,INLAND
-122.15,37.72,739.0,379.0,2.9097,210900.0,NEAR BAY
-121.65,39.76,794.0,303.0,3.0,96700.0,INLAND
-121.59,39.75,481.0,211.0,2.2,80800.0,INLAND
-122.07,37.69,2999.0,1295.0,3.0964,190500.0,NEAR BAY
-121.55,39.51,684.0,310.0,2.0357,57600.0,INLAND
-121.6,39.8,721.0,312.0,2.4537,117900.0,INLAND
-122.22,37.82,1018.0,335.0,13.499,500001.0,NEAR BAY
-122.03,37.53,1268.0,404.0,3.256,183300.0,NEAR BAY
-121.94,37.53,941.0,304.0,5.761,259600.0,<1H OCEAN
-122.27,37.83,570.0,264.0,1.4861,97200.0,NEAR BAY
-122.02,37.55,909.0,267.0,4.5687,177200.0,NEAR BAY
-121.9,39.59,745.0,250.0,3.0625,93800.0,INLAND
-119.97,38.93,388.0,108.0,3.1806,107200.0,INLAND
-121.8,38.01,1351.0,523.0,3.5179,130800.0,INLAND
-122.07,37.96,836.0,289.0,5.0172,197100.0,NEAR BAY
-121.75,37.71,5826.0,2125.0,4.8624,192400.0,INLAND
-121.62,39.75,523.0,258.0,1.0625,92800.0,INLAND
-119.79,36.78,1131.0,408.0,2.03,58800.0,INLAND
-121.61,39.77,837.0,303.0,2.963,89500.0,INLAND
-122.32,37.94,833.0,352.0,5.5196,210800.0,NEAR BAY
-121.71,37.99,2085.0,707.0,3.3558,129700.0,INLAND
-122.16,37.7,836.0,311.0,4.4375,193500.0,NEAR BAY
-119.73,36.8,1197.0,510.0,3.1417,74600.0,INLAND
-122.03,37.98,1261.0,535.0,3.6042,138200.0,NEAR BAY
-119.75,36.71,1543.0,372.0,1.4577,49800.0,INLAND
-115.98,33.32,63.0,24.0,1.4688,53800.0,INLAND
-122.08,37.87,680.0,531.0,2.4896,73400.0,NEAR BAY
-121.65,39.53,640.0,289.0,1.4833,65200.0,INLAND
-120.67,38.19,1387.0,564.0,2.0417,92600.0,INLAND
-121.79,37.66,6693.0,2232.0,5.98,245000.0,INLAND
-121.91,37.47,2759.0,760.0,6.868,337300.0,<1H OCEAN
-121.76,37.68,1189.0,349.0,4.2361,177500.0,INLAND
-121.54,40.06,47.0,27.0,2.4028,67500.0,INLAND
-122.16,37.71,366.0,134.0,3.4643,175000.0,NEAR BAY
-122.12,37.7,1849.0,750.0,2.679,144900.0,NEAR BAY
-122.12,37.68,724.0,267.0,4.38,196400.0,NEAR BAY
-122.08,37.6,2056.0,628.0,3.9022,191700.0,NEAR BAY
-120.55,38.45,767.0,356.0,2.5208,99100.0,INLAND
-122.09,37.67,1854.0,603.0,2.7019,154000.0,NEAR BAY
-121.99,37.56,2641.0,971.0,5.0,269700.0,<1H OCEAN
-122.08,37.63,548.0,185.0,3.7614,176000.0,NEAR BAY
-122.09,37.64,836.0,292.0,3.9063,184200.0,NEAR BAY
-121.98,37.58,2079.0,975.0,3.6832,216900.0,<1H OCEAN
-122.03,37.61,808.0,241.0,4.0125,161400.0,NEAR BAY
-122.08,37.62,1139.0,550.0,2.6875,157300.0,NEAR BAY
-121.76,37.68,555.0,197.0,3.1856,186900.0,INLAND
-122.25,37.83,675.0,422.0,3.4722,243100.0,NEAR BAY
-122.16,37.68,568.0,352.0,2.3869,83300.0,NEAR BAY
-122.09,37.64,664.0,200.0,5.2838,172600.0,NEAR BAY
-121.87,37.57,2444.0,825.0,7.0691,393200.0,<1H OCEAN
-122.08,37.88,410.0,294.0,2.3971,99400.0,NEAR BAY
-121.8,37.7,2474.0,910.0,4.7361,216800.0,INLAND
-121.52,39.43,1079.0,374.0,2.3566,80400.0,INLAND
-119.02,35.38,129.0,63.0,1.1875,63800.0,INLAND
-121.66,39.66,1763.0,613.0,2.9625,101200.0,INLAND
-120.79,38.43,546.0,214.0,3.9107,129800.0,INLAND
-121.54,39.48,1809.0,617.0,1.8047,53800.0,INLAND
-121.79,37.69,3200.0,1047.0,4.5357,188400.0,INLAND
-121.83,38.0,3838.0,1458.0,2.5495,103600.0,INLAND
-119.31,36.62,947.0,244.0,1.4481,51700.0,INLAND
-122.29,37.92,602.0,231.0,6.516,401000.0,NEAR BAY
-120.88,38.16,1000.0,364.0,4.0109,125900.0,INLAND
-122.0,37.96,1980.0,678.0,3.7,179000.0,INLAND
-121.39,39.39,121.0,37.0,3.0208,60000.0,INLAND
-121.86,39.78,3628.0,1494.0,3.0905,117800.0,INLAND
-122.07,37.89,319.0,123.0,5.6558,263300.0,NEAR BAY
-119.57,36.7,974.0,308.0,3.7261,83900.0,INLAND
-119.79,36.77,1144.0,471.0,2.3967,58700.0,INLAND
-121.59,39.86,665.0,261.0,2.8657,119600.0,INLAND
-122.01,37.55,1434.0,495.0,3.3008,224200.0,NEAR BAY
-121.84,39.73,513.0,223.0,1.3672,55000.0,INLAND
-121.57,39.8,365.0,152.0,2.1912,115200.0,INLAND
-122.02,37.97,1191.0,416.0,4.0,171000.0,NEAR BAY
-122.04,37.66,1066.0,384.0,6.3501,350000.0,NEAR BAY
-122.05,37.89,689.0,283.0,4.2625,310600.0,NEAR BAY
-119.69,36.73,1005.0,380.0,7.2211,171700.0,INLAND
-122.17,37.73,925.0,435.0,3.25,177500.0,NEAR BAY
-120.46,38.15,1516.0,697.0,2.3816,116000.0,INLAND
-122.04,39.22,670.0,281.0,3.2625,92800.0,INLAND
-121.84,39.75,2053.0,1000.0,1.7284,74500.0,INLAND
-122.07,37.64,2426.0,862.0,4.7083,190900.0,NEAR BAY
-122.17,37.72,766.0,289.0,3.5313,159700.0,NEAR BAY
-120.54,38.07,339.0,140.0,2.2875,79900.0,INLAND
-121.87,39.74,747.0,265.0,3.9,147000.0,INLAND
-122.28,37.81,1236.0,509.0,2.4464,102100.0,NEAR BAY
-122.3,37.81,274.0,82.0,1.8516,85000.0,NEAR BAY
-122.08,37.7,1156.0,410.0,5.2497,259300.0,NEAR BAY
-122.07,37.58,1461.0,344.0,5.225,213700.0,NEAR BAY
-120.72,38.38,806.0,306.0,2.525,157200.0,INLAND
-122.03,37.62,1472.0,527.0,4.2468,221200.0,NEAR BAY
-122.11,38.01,575.0,231.0,3.1711,116100.0,NEAR BAY
-121.75,37.68,702.0,263.0,5.2443,183400.0,INLAND
-122.28,37.8,344.0,155.0,2.0114,131300.0,NEAR BAY
-122.14,37.68,1489.0,607.0,3.6364,219200.0,NEAR BAY
-122.23,37.84,970.0,373.0,5.8596,327600.0,NEAR BAY
-122.01,37.91,3645.0,1219.0,7.6877,367700.0,NEAR BAY
-122.06,37.58,4576.0,1348.0,5.6758,253400.0,NEAR BAY
-121.87,39.75,822.0,297.0,3.6625,126600.0,INLAND
-122.36,37.95,302.0,81.0,1.8333,69800.0,NEAR BAY
-121.97,37.93,1552.0,494.0,6.6134,307000.0,INLAND
-122.0,37.99,1881.0,659.0,5.4607,192300.0,INLAND
-121.86,37.66,1699.0,640.0,4.1597,293200.0,INLAND
-121.58,39.79,1184.0,465.0,2.7863,108600.0,INLAND
-122.51,39.3,551.0,214.0,1.7463,68800.0,INLAND
-122.04,37.88,1230.0,557.0,4.6424,312700.0,NEAR BAY
-121.95,37.96,1072.0,374.0,6.1436,259500.0,INLAND
-120.36,38.21,1480.0,609.0,2.8208,139900.0,INLAND
-122.05,37.54,2568.0,703.0,5.2882,223100.0,NEAR BAY
-122.03,37.54,1213.0,338.0,4.8214,186000.0,NEAR BAY
-122.02,37.54,719.0,236.0,3.535,210300.0,NEAR BAY
-122.28,37.91,805.0,329.0,6.5576,358500.0,NEAR BAY
-121.88,37.64,514.0,172.0,10.9506,475800.0,INLAND
-122.06,37.99,721.0,474.0,2.8043,87500.0,NEAR BAY
-122.25,37.85,565.0,259.0,3.8462,342200.0,NEAR BAY
-120.01,38.89,589.0,281.0,3.0089,100800.0,INLAND
-121.99,37.53,2831.0,923.0,5.0423,222200.0,<1H OCEAN
-119.76,36.77,1227.0,474.0,2.785,72300.0,INLAND
-121.19,39.55,481.0,211.0,1.4896,83300.0,INLAND
-122.34,37.96,3408.0,1560.0,2.1991,133300.0,NEAR BAY
-122.28,37.9,1148.0,507.0,6.3538,333700.0,NEAR BAY
-121.96,37.53,1252.0,586.0,2.6198,235900.0,<1H OCEAN
-122.0,37.84,2777.0,908.0,9.5271,500001.0,<1H OCEAN
-122.31,37.91,1992.0,773.0,4.1146,177800.0,NEAR BAY
-119.79,36.74,1228.0,289.0,1.0513,39600.0,INLAND
-122.02,37.89,2450.0,778.0,7.5,356200.0,NEAR BAY
-121.93,37.73,1043.0,351.0,6.2048,275000.0,<1H OCEAN
-118.49,34.24,1224.0,445.0,5.2939,244200.0,<1H OCEAN
-121.96,37.74,25.0,9.0,15.0001,350000.0,<1H OCEAN
-120.93,38.5,529.0,216.0,3.3393,107200.0,INLAND
-122.09,37.66,725.0,274.0,2.2222,158300.0,NEAR BAY
-121.63,39.82,1610.0,634.0,2.6147,107700.0,INLAND
-122.27,38.04,835.0,372.0,2.3103,134500.0,NEAR BAY
-122.3,37.81,604.0,187.0,1.1667,78400.0,NEAR BAY
-122.04,37.63,369.0,159.0,3.2331,226700.0,NEAR BAY
-122.11,37.66,2332.0,603.0,3.2091,150000.0,NEAR BAY
-119.93,38.72,573.0,196.0,2.2417,97900.0,INLAND
-121.56,39.52,945.0,397.0,1.7308,53600.0,INLAND
-119.8,36.72,1171.0,319.0,1.0481,48500.0,INLAND
-121.98,37.54,3386.0,1339.0,3.1326,220800.0,<1H OCEAN
-121.53,39.49,617.0,274.0,1.5313,50300.0,INLAND
-121.87,38.0,1475.0,415.0,4.8542,144100.0,INLAND
-122.14,37.71,2197.0,1044.0,3.6932,166800.0,NEAR BAY
-122.04,37.62,793.0,302.0,3.2857,193200.0,NEAR BAY
-121.57,39.48,145.0,40.0,0.8252,42500.0,INLAND
-122.17,37.72,1817.0,664.0,3.371,165000.0,NEAR BAY
-121.63,39.78,770.0,309.0,2.6823,93400.0,INLAND
-122.0,37.58,2071.0,688.0,5.8151,295600.0,<1H OCEAN
-121.99,37.54,1673.0,661.0,3.9444,240100.0,<1H OCEAN
-122.03,37.83,1997.0,710.0,9.8708,500001.0,NEAR BAY
-121.88,38.0,367.0,129.0,5.3098,151900.0,INLAND
-122.08,37.64,789.0,248.0,3.8,172000.0,NEAR BAY
-121.71,39.42,862.0,275.0,2.2813,57600.0,INLAND
-121.76,37.7,1705.0,679.0,5.7068,256700.0,INLAND
-121.75,39.88,1203.0,449.0,2.7143,95300.0,INLAND
-122.02,37.59,855.0,319.0,3.6923,213200.0,NEAR BAY
-120.71,38.85,884.0,323.0,3.4688,120100.0,INLAND
-119.93,38.94,97.0,44.0,2.4917,200000.0,INLAND
-122.06,37.96,2959.0,1507.0,3.9816,182000.0,NEAR BAY
-121.94,37.83,959.0,335.0,10.5815,500001.0,INLAND
-119.74,36.85,4432.0,1778.0,3.9032,140800.0,INLAND
-120.04,38.86,712.0,261.0,3.7891,117700.0,INLAND
-121.92,37.64,512.0,208.0,5.1406,315600.0,INLAND
-119.32,37.06,276.0,107.0,5.1314,179200.0,INLAND
-121.59,39.79,395.0,168.0,1.625,88300.0,INLAND
-120.79,38.83,709.0,239.0,1.7222,118500.0,INLAND
-122.02,37.96,935.0,366.0,6.6727,305100.0,NEAR BAY
-122.03,37.54,1911.0,639.0,4.1406,178200.0,NEAR BAY
-121.9,38.02,1037.0,372.0,3.6154,181800.0,INLAND
-121.78,37.67,804.0,269.0,4.8571,201100.0,INLAND
-119.69,36.75,965.0,316.0,4.7463,93100.0,INLAND
-124.14,41.95,1208.0,494.0,2.275,122400.0,NEAR OCEAN
-121.97,37.55,3080.0,1182.0,3.168,189400.0,<1H OCEAN
-122.03,37.56,2841.0,924.0,4.8962,220200.0,NEAR BAY
-122.08,37.62,1016.0,313.0,5.64,206500.0,NEAR BAY
-122.02,37.6,1097.0,328.0,3.2386,149600.0,NEAR BAY
-122.13,37.66,407.0,183.0,4.3456,163000.0,NEAR BAY
-122.08,37.66,1063.0,356.0,2.5625,154300.0,NEAR BAY
-115.52,33.13,1006.0,253.0,2.163,53400.0,INLAND
-118.33,34.02,625.0,336.0,0.8702,170500.0,<1H OCEAN
-115.73,33.36,476.0,169.0,1.7727,50000.0,INLAND
-115.59,32.96,473.0,154.0,3.1979,113500.0,INLAND
-118.98,35.39,476.0,143.0,1.1875,50700.0,INLAND
-118.47,34.14,850.0,379.0,8.153,500001.0,<1H OCEAN
-122.26,37.8,3469.0,2323.0,2.0096,130000.0,NEAR BAY
-121.97,37.54,986.0,322.0,4.6349,196200.0,<1H OCEAN
-122.08,37.89,1223.0,489.0,6.2924,283900.0,NEAR BAY
-122.07,37.67,1198.0,624.0,3.2417,210800.0,NEAR BAY
-121.53,39.44,662.0,239.0,2.6071,57100.0,INLAND
-122.08,37.65,1093.0,374.0,3.6818,165400.0,NEAR BAY
-122.06,37.6,1186.0,310.0,5.3226,231700.0,NEAR BAY
-119.82,36.76,924.0,542.0,1.4028,68500.0,INLAND
-122.24,38.01,1154.0,307.0,6.0102,235600.0,NEAR BAY
-121.83,39.72,974.0,383.0,1.6827,78700.0,INLAND
-120.67,36.72,996.0,198.0,2.5,112500.0,INLAND
-122.17,39.31,1395.0,476.0,2.5625,62700.0,INLAND
-122.31,37.94,810.0,335.0,3.8343,191400.0,NEAR BAY
-121.89,37.67,1181.0,474.0,6.0604,247900.0,INLAND
-121.62,39.79,1456.0,658.0,2.5374,97200.0,INLAND
-115.55,32.82,1013.0,274.0,2.5664,67500.0,INLAND
-119.29,35.76,3500.0,768.0,2.1295,59800.0,INLAND
-119.81,36.77,741.0,331.0,2.5804,78900.0,INLAND
-115.56,32.8,1335.0,397.0,1.5987,59400.0,INLAND
-121.98,37.97,1316.0,430.0,5.2442,213200.0,INLAND
-121.54,39.33,359.0,138.0,2.5313,61300.0,INLAND
-121.98,37.96,1420.0,540.0,3.65,204100.0,INLAND
-122.04,37.96,724.0,252.0,3.6964,165700.0,NEAR BAY
-122.08,37.63,1148.0,310.0,4.0326,164700.0,NEAR BAY
-122.06,37.94,1896.0,893.0,2.5268,235700.0,NEAR BAY
-122.04,37.96,1500.0,623.0,1.837,175000.0,NEAR BAY
-122.27,37.78,723.0,286.0,3.9444,212900.0,NEAR BAY
-121.97,37.54,1344.0,467.0,4.7135,203200.0,<1H OCEAN
-122.03,37.93,1773.0,615.0,6.0918,344800.0,NEAR BAY
-121.97,38.03,1939.0,649.0,3.7043,139800.0,INLAND
-121.88,37.68,854.0,286.0,7.333,337200.0,INLAND
-124.15,40.78,911.0,349.0,3.1711,104200.0,NEAR OCEAN
-122.12,37.67,1798.0,694.0,3.9395,184700.0,NEAR BAY
-122.04,37.53,2998.0,890.0,3.9667,218500.0,NEAR BAY
-122.08,37.95,1351.0,536.0,5.0672,243000.0,NEAR BAY
-121.82,39.73,1371.0,626.0,2.2925,85800.0,INLAND
-122.05,37.55,2357.0,823.0,5.1321,211300.0,NEAR BAY
-121.81,37.99,1086.0,340.0,5.1435,150800.0,INLAND
-121.99,37.97,1372.0,443.0,6.2135,217200.0,INLAND
-120.19,38.42,82.0,33.0,3.125,77500.0,INLAND
-122.01,37.53,889.0,314.0,5.7057,287600.0,NEAR BAY
-122.04,37.89,998.0,346.0,7.5349,349100.0,NEAR BAY
-122.04,37.54,1285.0,377.0,4.9464,223800.0,NEAR BAY
-121.6,37.91,1075.0,350.0,5.1017,241400.0,INLAND
-121.79,37.67,947.0,346.0,6.0797,211000.0,INLAND
-122.02,37.6,1858.0,437.0,2.652,159800.0,NEAR BAY
-121.96,37.54,2738.0,1108.0,3.9909,236000.0,<1H OCEAN
-121.41,39.72,730.0,306.0,2.3895,87500.0,INLAND
-122.05,37.96,1154.0,401.0,3.8456,159800.0,NEAR BAY
-122.08,37.64,463.0,160.0,3.9338,182700.0,NEAR BAY
-121.75,37.69,1422.0,522.0,3.7212,183800.0,INLAND
-121.84,39.74,1181.0,560.0,2.2621,85100.0,INLAND
-122.29,37.83,554.0,187.0,3.3929,75700.0,NEAR BAY
-122.14,37.68,1424.0,538.0,4.267,210300.0,NEAR BAY
-122.08,37.68,1401.0,607.0,2.6563,184100.0,NEAR BAY
-121.67,39.34,537.0,187.0,2.6607,84600.0,INLAND
-122.35,37.93,198.0,82.0,3.2222,156300.0,NEAR BAY
-122.0,37.51,3223.0,1316.0,4.9867,181700.0,<1H OCEAN
-122.07,37.59,1680.0,528.0,4.825,222000.0,NEAR BAY
-121.53,39.52,448.0,159.0,2.4821,73800.0,INLAND
-122.01,37.94,1339.0,499.0,6.7061,322300.0,NEAR BAY
-122.01,37.94,937.0,292.0,6.3809,273600.0,NEAR BAY
-121.92,38.02,1526.0,484.0,5.102,156500.0,INLAND
-120.79,38.24,538.0,190.0,2.9821,90400.0,INLAND
-121.87,38.02,1403.0,476.0,2.7083,99400.0,INLAND
-120.55,38.46,435.0,181.0,3.2031,129200.0,INLAND
-122.08,37.94,943.0,366.0,4.725,232100.0,NEAR BAY
-122.0,37.86,3011.0,993.0,10.7372,500001.0,<1H OCEAN
-121.57,39.78,952.0,440.0,2.0458,105700.0,INLAND
-120.69,38.36,1252.0,566.0,2.7236,109900.0,INLAND
-122.01,37.59,240.0,149.0,2.875,237500.0,NEAR BAY
-119.94,38.92,235.0,96.0,4.6,136800.0,INLAND
-122.06,37.63,841.0,364.0,3.3611,169200.0,NEAR BAY
-121.96,37.94,1557.0,501.0,5.1582,194700.0,INLAND
-120.42,38.42,999.0,411.0,2.7344,91900.0,INLAND
-121.9,38.0,990.0,322.0,4.1094,162200.0,INLAND
-122.0,37.98,436.0,173.0,5.1118,226900.0,INLAND
-121.94,37.8,4089.0,1555.0,7.8287,369200.0,<1H OCEAN
-122.26,37.81,2689.0,1789.0,2.8406,335700.0,NEAR BAY
-121.67,37.99,527.0,164.0,4.375,213500.0,INLAND
-122.12,37.88,1001.0,363.0,8.0448,433300.0,NEAR BAY
-122.27,37.83,987.0,374.0,1.0972,104500.0,NEAR BAY
-121.74,39.59,726.0,272.0,2.3833,95100.0,INLAND
-121.72,37.98,3523.0,1088.0,5.0468,168800.0,INLAND
-122.05,37.95,2804.0,1091.0,2.85,144600.0,NEAR BAY
-121.78,37.68,1392.0,680.0,3.0222,172500.0,INLAND
-120.55,38.07,463.0,199.0,2.9063,92200.0,INLAND
-120.56,38.48,946.0,411.0,3.4609,120900.0,INLAND
-121.5,39.83,893.0,334.0,1.6948,87500.0,INLAND
-121.62,39.5,974.0,385.0,1.6346,63300.0,INLAND
-121.87,37.66,161.0,102.0,2.4896,238500.0,INLAND
-122.32,37.97,1135.0,490.0,3.9722,161000.0,NEAR BAY
-121.89,37.68,3329.0,1136.0,6.3373,339700.0,<1H OCEAN
-121.66,37.93,1064.0,350.0,4.7426,263100.0,INLAND
-121.99,37.54,1285.0,404.0,5.388,225000.0,<1H OCEAN
-121.93,37.71,2288.0,805.0,4.2281,206000.0,<1H OCEAN
-121.78,37.66,900.0,354.0,3.8523,193000.0,INLAND
-121.97,37.8,1222.0,381.0,7.9168,356000.0,<1H OCEAN
-122.02,37.53,2216.0,681.0,5.7072,242200.0,NEAR BAY
-118.36,34.26,1598.0,568.0,6.838,378000.0,<1H OCEAN
-119.46,35.13,1423.0,482.0,2.1955,26900.0,INLAND
-122.35,37.95,1801.0,548.0,2.6328,110300.0,NEAR BAY
-121.92,37.48,1972.0,623.0,5.3813,264400.0,<1H OCEAN
-122.07,37.99,1811.0,597.0,4.5401,166900.0,NEAR BAY
-121.89,39.71,1217.0,437.0,3.7007,139200.0,INLAND
-118.5,34.27,1148.0,416.0,4.869,221600.0,<1H OCEAN
-119.0,35.39,648.0,300.0,2.8295,72100.0,INLAND
-122.14,39.65,190.0,67.0,3.6429,87500.0,INLAND
-122.04,37.53,1524.0,467.0,3.7364,190400.0,NEAR BAY
-122.2,37.88,398.0,155.0,7.7736,378100.0,NEAR BAY
-120.27,38.31,267.0,97.0,3.075,108300.0,INLAND
-120.95,38.79,1459.0,517.0,4.3981,202800.0,INLAND
-121.8,39.75,3264.0,1264.0,3.1125,122600.0,INLAND
-121.97,37.77,3221.0,947.0,7.2216,324600.0,<1H OCEAN
-121.96,37.84,2744.0,943.0,7.5139,398200.0,INLAND
-121.92,37.72,2937.0,1506.0,5.1437,299400.0,<1H OCEAN
-122.03,37.94,2214.0,737.0,5.5777,279300.0,NEAR BAY
-119.69,36.71,249.0,71.0,4.4583,108300.0,INLAND
-121.99,37.81,146.0,75.0,4.9018,188500.0,<1H OCEAN
-120.18,36.59,613.0,171.0,2.3026,90600.0,INLAND
-121.62,39.76,934.0,529.0,1.7788,85800.0,INLAND
-122.26,37.83,616.0,304.0,2.026,142500.0,NEAR BAY
-122.06,37.54,3526.0,1060.0,5.0838,248200.0,NEAR BAY
-120.95,38.69,1689.0,545.0,5.2032,217100.0,INLAND
-121.58,39.51,1087.0,385.0,1.6389,56700.0,INLAND
-119.79,36.81,1155.0,353.0,3.069,69600.0,INLAND
-122.28,37.84,1131.0,473.0,1.6424,108900.0,NEAR BAY
-122.04,37.58,8012.0,2606.0,5.6277,269800.0,NEAR BAY
-122.02,37.8,2286.0,896.0,7.6518,359300.0,NEAR BAY
-121.99,39.15,3266.0,1142.0,2.7137,72000.0,INLAND
-122.29,37.98,850.0,350.0,5.1046,209800.0,NEAR BAY
-121.54,39.5,779.0,275.0,1.3289,39400.0,INLAND
-121.94,37.71,2484.0,970.0,5.0143,271100.0,<1H OCEAN
-120.87,38.83,1070.0,377.0,2.8562,128200.0,INLAND
-122.29,37.81,392.0,127.0,1.7719,82500.0,NEAR BAY
-118.25,33.99,2496.0,527.0,1.5556,98500.0,<1H OCEAN
-118.97,35.41,937.0,303.0,3.996,85500.0,INLAND
-119.98,38.96,868.0,342.0,3.5417,114800.0,INLAND
-119.72,36.75,869.0,337.0,3.9514,86900.0,INLAND
-118.6,34.16,1283.0,544.0,4.1656,313100.0,<1H OCEAN
-118.59,34.21,1986.0,645.0,2.9974,178800.0,<1H OCEAN
-122.21,38.06,1076.0,487.0,3.6154,155700.0,NEAR BAY
-119.86,36.78,1274.0,499.0,2.9853,74700.0,INLAND
-121.79,39.48,408.0,166.0,3.3929,82100.0,INLAND
-122.36,37.94,479.0,161.0,3.0862,79000.0,NEAR BAY
-118.41,34.21,1577.0,524.0,5.35,210500.0,<1H OCEAN
-122.12,37.65,86.0,25.0,2.375,137500.0,NEAR BAY
-122.03,38.01,1666.0,588.0,4.5707,175900.0,NEAR BAY
-124.23,40.54,1152.0,435.0,3.0806,106700.0,NEAR OCEAN
-121.61,37.86,989.0,287.0,3.691,154400.0,INLAND
-122.25,38.0,1531.0,400.0,6.5006,237700.0,NEAR BAY
-122.09,37.98,2296.0,872.0,5.6875,211000.0,NEAR BAY
-120.65,38.28,1341.0,546.0,2.1382,104000.0,INLAND
-122.26,37.85,1212.0,620.0,1.9167,159200.0,NEAR BAY
-121.82,37.69,802.0,319.0,4.9375,227700.0,INLAND
-122.14,38.01,741.0,316.0,4.5,178300.0,NEAR BAY
-122.34,37.93,1672.0,584.0,1.4423,88300.0,NEAR BAY
-122.08,37.82,830.0,252.0,11.3421,500001.0,NEAR BAY
-118.58,34.2,826.0,249.0,5.015,220900.0,<1H OCEAN
-122.11,37.88,1602.0,606.0,6.4666,348200.0,NEAR BAY
-124.1,40.47,965.0,265.0,3.5345,55000.0,<1H OCEAN
-119.03,35.42,1491.0,568.0,2.6094,67900.0,INLAND
-122.09,37.68,1105.0,467.0,2.8322,170300.0,NEAR BAY
-118.2,34.06,401.0,86.0,2.1029,109400.0,<1H OCEAN
-122.05,37.95,1875.0,694.0,3.1838,182000.0,NEAR BAY
-119.7,36.81,1570.0,492.0,2.7159,68000.0,INLAND
-120.34,38.23,546.0,223.0,3.75,121400.0,INLAND
-119.6,36.57,1347.0,436.0,2.5556,69700.0,INLAND
-121.91,38.02,1687.0,527.0,3.4817,129800.0,INLAND
-118.53,34.22,2630.0,867.0,4.6607,199800.0,<1H OCEAN
-119.87,36.79,1014.0,389.0,3.0938,76700.0,INLAND
-122.09,37.63,992.0,249.0,5.3644,168800.0,NEAR BAY
-119.75,36.87,5226.0,1972.0,5.0941,143700.0,INLAND
-122.1,37.96,569.0,235.0,6.3699,235500.0,NEAR BAY
-118.37,34.17,542.0,321.0,0.8198,325000.0,<1H OCEAN
-115.49,32.87,457.0,106.0,3.3583,102800.0,INLAND
-121.64,37.85,967.0,320.0,4.4583,253900.0,INLAND
-121.56,39.51,603.0,190.0,1.3654,57900.0,INLAND
-122.01,39.21,781.0,307.0,2.2679,69100.0,INLAND
-119.85,36.83,1080.0,356.0,6.7181,160300.0,INLAND
-122.14,37.85,3371.0,1269.0,7.3267,389900.0,NEAR BAY
-119.74,36.65,1257.0,418.0,2.9013,89500.0,INLAND
-124.11,40.95,866.0,342.0,2.96,81700.0,NEAR OCEAN
-119.98,38.94,503.0,219.0,1.9018,109700.0,INLAND
-122.07,37.94,1111.0,476.0,3.5057,205100.0,NEAR BAY
-121.96,37.95,1627.0,715.0,3.0859,167800.0,INLAND
-122.29,37.81,1823.0,611.0,0.9802,129200.0,NEAR BAY
-122.32,37.91,1341.0,555.0,2.6399,119600.0,NEAR BAY
-122.02,37.6,1156.0,300.0,3.5,154300.0,NEAR BAY
-121.93,38.02,940.0,308.0,5.1337,154800.0,INLAND
-119.98,38.92,522.0,221.0,2.0708,89600.0,INLAND
-122.31,38.0,1708.0,633.0,4.621,191100.0,NEAR BAY
-121.89,37.69,2649.0,1241.0,3.62,139300.0,<1H OCEAN
-121.61,37.77,144.0,58.0,4.2083,125000.0,INLAND
-120.59,38.45,1091.0,466.0,3.0,119000.0,INLAND
-121.82,37.98,1969.0,607.0,5.0164,165200.0,INLAND
-122.29,37.81,1054.0,325.0,0.8026,112500.0,NEAR BAY
-122.14,37.86,2415.0,1141.0,4.5744,314000.0,NEAR BAY
-121.93,37.78,114.0,49.0,3.1591,434700.0,<1H OCEAN
-122.23,39.53,1237.0,326.0,1.3708,125000.0,INLAND
-119.99,38.94,421.0,185.0,3.1625,103600.0,INLAND
-121.77,37.74,254.0,85.0,9.1531,418800.0,INLAND
-119.58,36.69,812.0,225.0,1.9766,58100.0,INLAND
-118.28,34.1,1227.0,567.0,4.0602,324000.0,<1H OCEAN
-121.58,39.83,1904.0,812.0,2.2419,93200.0,INLAND
-121.85,39.74,1426.0,632.0,1.5633,84500.0,INLAND
-117.87,34.09,927.0,317.0,3.6484,189600.0,<1H OCEAN
-120.0,38.93,999.0,383.0,3.9722,313400.0,INLAND
-121.96,37.95,1583.0,676.0,3.6133,196100.0,INLAND
-122.01,37.58,2629.0,721.0,5.7579,231800.0,NEAR BAY
-121.77,37.99,2429.0,716.0,5.4409,205100.0,INLAND
-122.27,37.82,1061.0,407.0,1.5045,93800.0,NEAR BAY
-122.04,37.57,3436.0,1057.0,5.2879,231200.0,NEAR BAY
-121.84,39.73,379.0,154.0,1.6797,94800.0,INLAND
-121.79,38.0,562.0,213.0,2.5893,108500.0,INLAND
-122.05,38.0,356.0,232.0,2.3462,75000.0,NEAR BAY
-118.27,33.94,842.0,178.0,1.6645,94900.0,<1H OCEAN
-120.67,37.97,2233.0,930.0,2.6528,133000.0,INLAND
-122.05,37.97,65.0,19.0,6.1359,250000.0,NEAR BAY
-121.85,39.75,267.0,129.0,1.8095,78100.0,INLAND
-121.94,37.54,1631.0,538.0,6.2179,305300.0,<1H OCEAN
-122.01,37.97,1288.0,512.0,3.6449,211500.0,NEAR BAY
-121.8,39.75,1011.0,374.0,4.3309,125200.0,INLAND
-121.97,37.57,2172.0,789.0,4.6146,247600.0,<1H OCEAN
-119.64,36.82,2085.0,617.0,5.6739,173800.0,INLAND
-123.91,41.68,743.0,314.0,2.9688,152700.0,<1H OCEAN
-121.07,38.66,813.0,269.0,4.6394,173400.0,INLAND
-122.32,37.92,2606.0,953.0,3.2674,129100.0,NEAR BAY
-121.7,37.96,1391.0,465.0,3.2813,151400.0,INLAND
-121.59,39.78,385.0,207.0,2.1838,58000.0,INLAND
-119.82,36.72,1642.0,509.0,1.6435,52600.0,INLAND
-122.16,37.89,721.0,258.0,8.7589,434500.0,NEAR BAY
-120.43,38.25,311.0,125.0,2.4583,112500.0,INLAND
-122.01,37.83,1330.0,544.0,6.5617,386600.0,NEAR BAY
-122.3,37.92,710.0,285.0,4.0804,239000.0,NEAR BAY
-121.64,39.74,763.0,335.0,2.3711,121800.0,INLAND
-121.95,37.81,2823.0,907.0,9.0776,450400.0,<1H OCEAN
-122.04,37.97,3621.0,1735.0,2.5841,112500.0,NEAR BAY
-119.72,36.75,2190.0,888.0,2.6611,74700.0,INLAND
-122.29,37.81,290.0,133.0,2.483,137500.0,NEAR BAY
-122.25,38.03,1834.0,520.0,5.6293,197600.0,NEAR BAY
-121.92,37.53,12203.0,3701.0,8.4045,451100.0,<1H OCEAN
-122.35,37.93,1166.0,395.0,1.7257,91500.0,NEAR BAY
-122.33,39.1,154.0,49.0,2.25,75000.0,INLAND
-122.07,37.91,810.0,295.0,5.0391,259800.0,NEAR BAY
-121.97,37.95,1883.0,662.0,5.431,246700.0,INLAND
-119.45,36.59,1171.0,314.0,1.6875,66100.0,INLAND
-121.86,37.7,4389.0,1391.0,6.6827,313700.0,INLAND
-122.12,38.01,837.0,363.0,3.609,135700.0,NEAR BAY
-122.14,37.9,2099.0,732.0,10.3224,500001.0,NEAR BAY
-121.86,38.0,2239.0,849.0,3.5857,165200.0,INLAND
-122.08,37.9,486.0,173.0,5.0499,306800.0,NEAR BAY
-121.69,39.36,1170.0,428.0,2.3224,56200.0,INLAND
-121.6,39.77,1138.0,455.0,2.3403,87300.0,INLAND
-122.01,37.94,706.0,220.0,6.0704,268000.0,NEAR BAY
-121.68,39.82,1786.0,728.0,3.5189,141300.0,INLAND
-122.2,39.15,434.0,147.0,3.125,108000.0,INLAND
-122.12,37.91,1962.0,723.0,8.3678,455300.0,NEAR BAY
-121.7,37.94,861.0,300.0,2.8828,131100.0,INLAND
-121.52,39.49,677.0,233.0,2.6563,63600.0,INLAND
-121.84,37.66,4847.0,1950.0,5.6417,352900.0,INLAND
-121.62,39.77,788.0,359.0,1.8125,93500.0,INLAND
-122.12,38.0,3221.0,1334.0,4.2042,166400.0,NEAR BAY
-121.81,38.0,1400.0,540.0,2.905,97300.0,INLAND
-122.06,37.65,848.0,291.0,3.8036,158200.0,NEAR BAY
-117.64,35.61,1349.0,501.0,4.25,83200.0,INLAND
-122.12,37.94,1850.0,590.0,10.4549,500001.0,NEAR BAY
-121.55,39.5,2041.0,737.0,1.0585,45100.0,INLAND
-122.07,37.58,1033.0,267.0,6.5116,244300.0,NEAR BAY
-120.27,38.29,298.0,124.0,3.3542,103800.0,INLAND
-121.76,37.68,929.0,419.0,3.7301,204400.0,INLAND
-119.79,36.83,1232.0,627.0,2.2215,72200.0,INLAND
-120.02,38.86,883.0,300.0,3.017,97600.0,INLAND
-122.32,38.0,1233.0,418.0,4.0437,162800.0,NEAR BAY
-122.33,37.95,777.0,322.0,4.0927,142600.0,NEAR BAY
-119.79,36.76,635.0,239.0,1.175,56100.0,INLAND
-122.01,37.57,8117.0,2847.0,5.8322,281800.0,NEAR BAY
-119.87,36.54,818.0,269.0,2.4044,72500.0,INLAND
-122.11,37.99,1300.0,507.0,4.3875,287700.0,NEAR BAY
-122.29,37.91,905.0,378.0,5.1691,263200.0,NEAR BAY
-124.22,41.73,1530.0,653.0,1.7038,78300.0,NEAR OCEAN
-119.76,36.76,3786.0,917.0,1.4766,50600.0,INLAND
-124.18,40.78,867.0,310.0,2.5536,70200.0,NEAR OCEAN
-122.07,37.93,614.0,238.0,5.0255,226000.0,NEAR BAY
-121.83,38.0,1384.0,684.0,1.7161,75800.0,INLAND
-122.09,37.94,2634.0,1022.0,6.1922,273200.0,NEAR BAY
-120.79,38.7,2243.0,923.0,2.3319,138500.0,INLAND
-118.3,34.07,7443.0,2406.0,1.8238,237500.0,<1H OCEAN
-115.5,32.75,822.0,64.0,3.4107,142500.0,INLAND
-119.61,36.58,788.0,271.0,2.6974,73000.0,INLAND
-119.89,36.76,1152.0,313.0,4.1719,126400.0,INLAND
-119.69,36.82,1207.0,384.0,1.8021,55900.0,INLAND
-121.98,37.95,1317.0,397.0,6.7821,265900.0,INLAND
-122.29,37.97,1512.0,580.0,4.4911,227400.0,NEAR BAY
-122.34,37.98,1354.0,427.0,3.9773,131300.0,NEAR BAY
-120.16,39.04,350.0,129.0,4.0313,126000.0,INLAND
-115.56,32.96,1164.0,421.0,3.8177,107200.0,INLAND
-119.03,35.41,1005.0,373.0,1.7857,54300.0,INLAND
-121.95,37.52,2721.0,763.0,5.2308,196900.0,<1H OCEAN
-121.82,39.75,3316.0,1365.0,3.0253,111400.0,INLAND
-120.58,40.37,1873.0,590.0,2.2661,61800.0,INLAND
-121.54,39.6,576.0,205.0,2.1467,84100.0,INLAND
-121.79,38.0,1588.0,566.0,3.6118,124700.0,INLAND
-119.69,36.79,993.0,314.0,3.7697,83600.0,INLAND
-122.32,37.96,784.0,294.0,4.0417,182800.0,NEAR BAY
-121.94,38.03,1141.0,420.0,1.4871,87100.0,INLAND
-119.5,36.62,1018.0,265.0,2.2206,63400.0,INLAND
-121.54,39.51,1887.0,765.0,2.502,62100.0,INLAND
-119.67,36.35,470.0,158.0,4.9432,118800.0,INLAND
-115.57,32.8,1595.0,428.0,1.7188,69900.0,INLAND
-120.14,36.04,1371.0,461.0,2.9708,60900.0,INLAND
-118.29,34.08,557.0,170.0,1.525,210000.0,<1H OCEAN
-119.81,36.73,662.0,180.0,2.101,56700.0,INLAND
-122.0,37.98,535.0,172.0,4.9219,182000.0,INLAND
-119.69,36.25,970.0,300.0,2.395,94100.0,INLAND
-119.74,36.75,1042.0,397.0,2.9545,59600.0,INLAND
-122.26,38.02,2053.0,716.0,5.0473,184800.0,NEAR BAY
-120.86,38.75,674.0,287.0,2.5625,146100.0,INLAND
-120.76,38.76,1576.0,564.0,2.6392,148500.0,INLAND
-121.98,37.95,2724.0,820.0,6.7371,267400.0,INLAND
-122.01,37.92,1038.0,337.0,8.3956,353600.0,NEAR BAY
-121.9,38.02,943.0,341.0,2.1417,122200.0,INLAND
-122.35,37.97,2104.0,641.0,3.2188,113800.0,NEAR BAY
-121.52,39.5,569.0,231.0,3.2833,82600.0,INLAND
-121.9,38.01,1696.0,481.0,4.6628,136000.0,INLAND
-119.76,36.75,1407.0,382.0,2.19,53400.0,INLAND
-119.84,36.82,996.0,353.0,5.5357,167700.0,INLAND
-122.3,37.92,1524.0,614.0,6.0677,321600.0,NEAR BAY
-122.12,38.01,864.0,381.0,4.1189,172400.0,NEAR BAY
-122.33,37.94,719.0,334.0,3.9417,139100.0,NEAR BAY
-122.02,37.84,729.0,263.0,7.7072,443800.0,NEAR BAY
-121.82,39.75,974.0,379.0,3.2016,97000.0,INLAND
-121.82,38.02,101.0,40.0,2.2361,93800.0,INLAND
-120.3,38.9,113.0,53.0,0.9227,95500.0,INLAND
-121.55,39.45,1185.0,475.0,1.3611,60600.0,INLAND
-122.25,37.85,558.0,219.0,5.6431,341300.0,NEAR BAY
-121.57,39.76,557.0,232.0,2.0882,104900.0,INLAND
-122.08,37.97,1105.0,467.0,6.6579,245200.0,NEAR BAY
-122.06,37.91,2133.0,1288.0,4.1612,232800.0,NEAR BAY
-118.31,34.02,1333.0,361.0,1.3187,127100.0,<1H OCEAN
-121.92,37.73,501.0,295.0,2.4821,157200.0,<1H OCEAN
-122.04,37.99,1478.0,441.0,4.125,136200.0,NEAR BAY
-119.69,36.83,898.0,329.0,3.1814,78900.0,INLAND
-121.96,37.99,1606.0,698.0,2.9591,210100.0,INLAND
-121.83,38.0,799.0,259.0,4.8359,145300.0,INLAND
-119.23,35.79,2467.0,600.0,2.3125,62100.0,INLAND
-122.34,37.97,1438.0,551.0,2.3382,120700.0,NEAR BAY
-121.92,37.47,1105.0,357.0,6.0878,246900.0,<1H OCEAN
-122.12,37.85,1870.0,657.0,8.0074,454100.0,NEAR BAY
-119.73,36.81,994.0,368.0,2.7778,79700.0,INLAND
-122.74,38.83,1554.0,528.0,3.3531,90800.0,<1H OCEAN
-118.98,35.38,795.0,228.0,1.625,50800.0,INLAND
-118.96,35.37,1066.0,318.0,1.7467,52400.0,INLAND
-122.06,37.99,384.0,269.0,1.8229,137500.0,NEAR BAY
-119.01,35.38,426.0,208.0,1.4427,50600.0,INLAND
-121.92,38.02,1288.0,338.0,4.2067,125000.0,INLAND
-121.79,37.99,1651.0,535.0,5.7321,164700.0,INLAND
-121.99,37.96,1470.0,461.0,7.6166,260400.0,INLAND
-121.77,37.65,1952.0,576.0,7.3588,327500.0,INLAND
-121.89,38.01,1994.0,722.0,4.2227,134400.0,INLAND
-121.96,37.53,1538.0,545.0,4.9615,228000.0,<1H OCEAN
-119.59,36.57,911.0,281.0,3.5987,131700.0,INLAND
-119.8,36.8,725.0,308.0,6.3359,169300.0,INLAND
-121.58,39.52,1384.0,479.0,1.9956,58000.0,INLAND
-122.31,37.99,3259.0,1081.0,4.2348,157800.0,NEAR BAY
-119.59,36.11,524.0,155.0,2.25,50000.0,INLAND
-118.59,35.72,98.0,48.0,1.4205,90000.0,INLAND
-119.75,36.77,1005.0,392.0,2.6726,70400.0,INLAND
-121.87,37.66,583.0,214.0,5.7519,278500.0,INLAND
-122.26,38.0,318.0,91.0,5.2375,246400.0,NEAR BAY
-118.4,34.05,859.0,432.0,3.6953,500001.0,<1H OCEAN
-122.89,39.42,26.0,19.0,0.4999,73500.0,INLAND
-121.97,37.87,416.0,122.0,13.4883,500001.0,INLAND
-119.79,36.72,927.0,277.0,1.3047,44100.0,INLAND
-119.87,36.83,2088.0,789.0,5.1781,122500.0,INLAND
-120.37,38.23,924.0,383.0,2.6942,123500.0,INLAND
-119.77,36.84,891.0,378.0,3.2569,124400.0,INLAND
-121.95,38.03,3207.0,1012.0,4.0767,143100.0,INLAND
-122.04,37.95,814.0,328.0,3.1406,163100.0,NEAR BAY
-119.86,36.43,683.0,261.0,1.7176,58400.0,INLAND
-122.12,37.89,1260.0,684.0,4.125,257100.0,NEAR BAY
-122.2,37.96,2581.0,911.0,6.7741,310700.0,NEAR BAY
-119.45,36.6,247.0,99.0,2.5,73000.0,INLAND
-118.4,34.16,501.0,262.0,3.8056,384700.0,<1H OCEAN
-118.44,34.2,1544.0,554.0,2.7375,234900.0,<1H OCEAN
-121.82,38.01,625.0,239.0,1.5988,96400.0,INLAND
-121.39,39.61,986.0,391.0,2.8871,94700.0,INLAND
-122.29,37.94,3637.0,1362.0,4.4387,190000.0,NEAR BAY
-122.33,37.94,797.0,342.0,3.5848,140800.0,NEAR BAY
-121.55,39.51,396.0,161.0,0.8024,58300.0,INLAND
-121.49,39.52,436.0,155.0,3.9028,93800.0,INLAND
-121.85,37.68,1895.0,742.0,6.8132,282500.0,INLAND
-119.76,36.82,3056.0,1453.0,2.3375,99300.0,INLAND
-122.08,37.92,1068.0,435.0,4.4561,250000.0,NEAR BAY
-122.37,37.93,1798.0,749.0,1.75,37900.0,NEAR BAY
-122.26,37.85,1098.0,468.0,3.075,213500.0,NEAR BAY
-121.88,38.0,1352.0,408.0,4.1947,140300.0,INLAND
-122.11,37.89,1067.0,492.0,4.3235,279500.0,NEAR BAY
-122.07,37.93,3264.0,1433.0,3.7433,252100.0,NEAR BAY
-119.73,36.83,1584.0,493.0,5.0828,111400.0,INLAND
-119.77,36.79,1076.0,423.0,2.9937,81100.0,INLAND
-122.08,37.96,3748.0,1502.0,6.0859,266000.0,NEAR BAY
-122.29,38.0,2805.0,1016.0,4.025,173200.0,NEAR BAY
-121.53,39.53,683.0,295.0,4.5156,91200.0,INLAND
-122.34,37.93,1304.0,459.0,2.64,112100.0,NEAR BAY
-121.57,39.5,1073.0,436.0,1.5714,56100.0,INLAND
-122.2,37.89,1315.0,517.0,7.3195,367500.0,NEAR BAY
-121.88,37.67,937.0,324.0,6.4524,296900.0,INLAND
-121.51,39.97,611.0,235.0,2.3036,73000.0,INLAND
-118.22,34.1,1187.0,340.0,4.0469,196600.0,<1H OCEAN
-122.31,37.92,631.0,279.0,3.724,220100.0,NEAR BAY
-119.21,37.25,335.0,115.0,4.1838,85600.0,INLAND
-119.6,36.57,1205.0,389.0,1.8333,68300.0,INLAND
-119.05,35.34,1204.0,423.0,4.0529,106200.0,INLAND
-120.87,38.37,1614.0,698.0,2.8125,113400.0,INLAND
-124.21,41.75,1993.0,721.0,2.0074,66900.0,NEAR OCEAN
-121.59,39.39,1284.0,462.0,2.1776,73800.0,INLAND
-121.86,38.04,188.0,54.0,1.3958,67500.0,INLAND
-121.87,37.67,1813.0,743.0,5.5,247200.0,INLAND
-122.02,38.0,1591.0,472.0,4.6375,178200.0,NEAR BAY
-115.54,32.99,911.0,254.0,4.3523,96000.0,INLAND
-119.46,36.6,754.0,229.0,3.9844,118100.0,INLAND
-122.08,37.9,1691.0,744.0,5.1097,288000.0,NEAR BAY
-122.33,37.93,1356.0,441.0,2.3475,90300.0,NEAR BAY
-121.88,37.99,1606.0,507.0,5.5676,174200.0,INLAND
-122.04,37.9,2310.0,963.0,5.6986,275800.0,NEAR BAY
-122.07,37.64,5436.0,1463.0,2.5158,134900.0,NEAR BAY
-122.04,39.72,1443.0,455.0,2.5625,70000.0,INLAND
-119.73,36.76,886.0,311.0,3.1,71300.0,INLAND
-119.03,35.38,843.0,410.0,3.0,91800.0,INLAND
-122.05,37.94,993.0,365.0,4.6602,227800.0,NEAR BAY
-122.1,38.02,2086.0,776.0,3.6523,159700.0,NEAR BAY
-121.8,38.01,1399.0,548.0,2.7234,110200.0,INLAND
-119.87,36.34,779.0,249.0,2.9167,83900.0,INLAND
-122.35,37.94,1406.0,452.0,2.3456,105200.0,NEAR BAY
-122.09,39.13,2587.0,810.0,2.331,65500.0,INLAND
-119.69,36.83,475.0,155.0,4.9327,89500.0,INLAND
-121.7,37.93,1779.0,558.0,4.6587,152500.0,INLAND
-122.09,37.95,601.0,209.0,6.0265,247900.0,NEAR BAY
-122.27,38.0,969.0,233.0,6.1576,248700.0,NEAR BAY
-121.8,39.33,501.0,185.0,2.5259,81300.0,INLAND
-119.43,36.61,1296.0,298.0,2.4219,65800.0,INLAND
-119.63,36.79,517.0,187.0,4.526,148700.0,INLAND
-122.01,37.93,1062.0,334.0,7.5898,330200.0,NEAR BAY
-118.98,35.37,670.0,181.0,1.1638,57900.0,INLAND
-122.07,37.95,1025.0,385.0,4.5893,190000.0,NEAR BAY
-121.98,37.8,1457.0,425.0,7.6473,345800.0,<1H OCEAN
-121.59,39.74,750.0,344.0,2.3798,83800.0,INLAND
-124.16,41.74,1532.0,530.0,2.1829,69500.0,NEAR OCEAN
-121.93,37.74,1272.0,402.0,6.8806,343500.0,<1H OCEAN
-121.65,39.32,374.0,142.0,2.7891,73500.0,INLAND
-122.05,37.95,738.0,269.0,4.175,169400.0,NEAR BAY
-124.16,41.02,1060.0,390.0,2.1726,75500.0,NEAR OCEAN
-118.4,34.26,2560.0,853.0,4.2538,154300.0,<1H OCEAN
-118.35,34.04,1110.0,375.0,2.4635,169400.0,<1H OCEAN
-120.55,38.43,618.0,277.0,2.3549,108900.0,INLAND
-118.46,34.25,1064.0,427.0,3.6989,208600.0,<1H OCEAN
-121.99,37.97,1271.0,474.0,5.1333,207200.0,INLAND
-118.59,34.2,2300.0,677.0,2.754,179800.0,<1H OCEAN
-122.2,38.04,1236.0,487.0,5.6022,197000.0,NEAR BAY
-121.88,38.03,725.0,231.0,2.0,101400.0,INLAND
-122.3,37.9,880.0,437.0,2.2672,162500.0,NEAR BAY
-118.42,37.36,1425.0,465.0,1.7388,54400.0,INLAND
-120.78,38.73,1606.0,588.0,2.9844,127900.0,INLAND
-119.82,36.79,3415.0,1224.0,1.6854,64700.0,INLAND
-119.54,36.61,1474.0,326.0,1.4937,54700.0,INLAND
-119.77,36.73,821.0,230.0,1.7829,52600.0,INLAND
-121.72,38.0,4460.0,1293.0,4.9618,156500.0,INLAND
-122.1,37.89,1398.0,601.0,5.2079,310300.0,NEAR BAY
-121.7,39.36,1505.0,470.0,2.0474,56000.0,INLAND
-122.01,39.21,660.0,249.0,2.4559,75000.0,INLAND
-119.73,36.74,5561.0,1435.0,1.6073,64700.0,INLAND
-124.17,40.8,392.0,244.0,0.957,60000.0,NEAR OCEAN
-122.0,38.99,815.0,286.0,2.9489,67500.0,INLAND
-122.09,37.99,1773.0,493.0,5.4496,205400.0,NEAR BAY
-122.22,37.86,2401.0,1138.0,8.3014,358500.0,NEAR BAY
-121.89,37.66,769.0,461.0,2.1187,231300.0,INLAND
-122.26,38.03,928.0,353.0,4.4474,203700.0,NEAR BAY
-119.81,36.78,839.0,367.0,3.5972,89900.0,INLAND
-122.31,38.0,1687.0,516.0,4.3333,170800.0,NEAR BAY
-121.79,37.99,1878.0,586.0,5.6506,178600.0,INLAND
-121.97,37.51,1671.0,504.0,5.4359,258300.0,<1H OCEAN
-119.8,36.76,764.0,390.0,1.6429,69200.0,INLAND
-119.52,36.61,1065.0,248.0,1.8958,55100.0,INLAND
-122.05,37.9,1818.0,851.0,4.8088,321200.0,NEAR BAY
-122.0,37.98,237.0,88.0,4.525,161300.0,INLAND
-120.8,38.51,369.0,157.0,3.125,96400.0,INLAND
-122.12,37.99,741.0,261.0,4.675,225400.0,NEAR BAY
-121.82,38.01,587.0,247.0,2.6364,93500.0,INLAND
-121.87,37.99,1051.0,311.0,4.9783,163900.0,INLAND
-119.01,35.34,782.0,278.0,3.0208,63700.0,INLAND
-122.35,37.96,1357.0,443.0,1.875,97200.0,NEAR BAY
-122.34,37.95,702.0,270.0,3.6719,134100.0,NEAR BAY
-121.36,39.52,1229.0,497.0,2.3917,85700.0,INLAND
-119.79,36.73,193.0,40.0,1.975,47500.0,INLAND
-119.11,35.42,37.0,16.0,10.0263,200000.0,INLAND
-122.18,37.89,1634.0,734.0,8.1489,499000.0,NEAR BAY
-122.17,37.88,1393.0,506.0,7.6917,401800.0,NEAR BAY
-124.21,41.77,1947.0,647.0,2.5795,68400.0,NEAR OCEAN
-122.19,39.74,2111.0,809.0,2.3507,65600.0,INLAND
-122.0,37.97,1171.0,431.0,5.1021,202800.0,INLAND
-119.67,36.73,1219.0,460.0,4.9196,117900.0,INLAND
-121.95,37.94,1318.0,431.0,6.8642,285400.0,INLAND
-119.88,36.83,1730.0,654.0,4.2132,96500.0,INLAND
-122.07,37.94,707.0,221.0,2.892,220800.0,NEAR BAY
-122.34,37.96,1220.0,389.0,2.5382,103600.0,NEAR BAY
-121.46,39.54,1822.0,919.0,2.9562,142300.0,INLAND
-122.16,37.83,1480.0,650.0,7.52,370200.0,NEAR BAY
-119.79,36.7,1210.0,341.0,1.3922,49500.0,INLAND
-120.55,38.12,785.0,291.0,2.5,116100.0,INLAND
-119.35,35.58,1186.0,376.0,1.1903,63200.0,INLAND
-120.56,38.09,1150.0,491.0,2.3654,94900.0,INLAND
-121.58,39.5,925.0,337.0,2.1658,57600.0,INLAND
-118.45,34.25,1207.0,380.0,5.2801,212300.0,<1H OCEAN
-122.31,37.93,872.0,345.0,5.3433,286500.0,NEAR BAY
-121.81,38.01,1074.0,393.0,2.2361,105100.0,INLAND
-120.65,38.42,730.0,267.0,2.6078,116700.0,INLAND
-119.77,36.78,1994.0,786.0,2.5434,67300.0,INLAND
-119.87,36.79,1718.0,551.0,3.6522,80200.0,INLAND
-121.91,37.81,1216.0,395.0,13.1499,500001.0,INLAND
-121.6,39.76,1157.0,556.0,1.8245,85500.0,INLAND
-115.58,32.78,1416.0,421.0,5.7843,110100.0,INLAND
-121.55,39.44,811.0,289.0,1.7727,49000.0,INLAND
-121.97,37.76,1633.0,567.0,6.7027,381900.0,<1H OCEAN
-122.3,37.9,688.0,303.0,2.3946,141700.0,NEAR BAY
-121.58,39.76,1110.0,453.0,3.1061,110200.0,INLAND
-119.79,36.77,1000.0,397.0,2.0357,60200.0,INLAND
-120.46,38.09,1777.0,615.0,3.0,122600.0,INLAND
-122.1,37.96,1679.0,611.0,4.3571,228200.0,NEAR BAY
-121.84,38.02,37.0,21.0,0.536,87500.0,INLAND
-122.03,37.97,2629.0,903.0,2.9915,166700.0,NEAR BAY
-122.36,37.95,729.0,286.0,1.5139,81700.0,NEAR BAY
-121.99,37.77,3283.0,1286.0,5.1755,294800.0,<1H OCEAN
-119.76,36.8,1781.0,616.0,2.5893,70900.0,INLAND
-122.29,37.9,1131.0,489.0,4.4286,234900.0,NEAR BAY
-122.26,38.0,1003.0,398.0,4.2269,170500.0,NEAR BAY
-119.81,36.8,777.0,314.0,6.1575,160100.0,INLAND
-122.34,37.99,1271.0,377.0,2.6167,85100.0,NEAR BAY
-122.08,37.88,825.0,626.0,2.933,85000.0,NEAR BAY
-121.59,39.77,664.0,273.0,2.3068,97300.0,INLAND
-119.08,35.39,3242.0,1030.0,5.575,132200.0,INLAND
-119.86,36.81,1804.0,837.0,3.3942,72100.0,INLAND
-119.82,36.76,1107.0,375.0,1.8971,66900.0,INLAND
-121.47,39.51,1304.0,607.0,2.6921,97500.0,INLAND
-118.51,34.28,1890.0,631.0,6.3911,301700.0,<1H OCEAN
-119.73,36.77,2362.0,862.0,2.9406,73000.0,INLAND
-119.05,35.34,1933.0,912.0,2.6637,175000.0,INLAND
-122.34,37.95,933.0,329.0,2.875,133400.0,NEAR BAY
-122.31,37.91,681.0,348.0,2.7243,218100.0,NEAR BAY
-122.32,37.93,1103.0,481.0,5.1067,247300.0,NEAR BAY
