housing_median_age,total_rooms,total_bedrooms,households
50.0,2935.0,473.0,479.0
8.0,2836.0,522.0,512.0
47.0,2046.0,588.0,554.0
35.0,1745.0,409.0,386.0
41.0,1547.0,415.0,341.0
39.0,461.0,129.0,123.0
52.0,3494.0,396.0,383.0
35.0,1037.0,207.0,210.0
38.0,3716.0,657.0,652.0
41.0,1382.0,353.0,314.0
42.0,1650.0,274.0,256.0
34.0,3036.0,533.0,500.0
44.0,2539.0,755.0,713.0
52.0,996.0,228.0,228.0
49.0,1699.0,408.0,385.0
44.0,1729.0,414.0,393.0
41.0,1613.0,445.0,414.0
27.0,909.0,236.0,157.0
52.0,3078.0,494.0,462.0
41.0,1411.0,233.0,214.0
41.0,1471.0,469.0,413.0
36.0,768.0,93.0,93.0
52.0,1999.0,417.0,358.0
43.0,707.0,147.0,155.0
42.0,2863.0,460.0,448.0
47.0,3175.0,454.0,485.0
45.0,2021.0,528.0,480.0
50.0,1211.0,261.0,227.0
50.0,2485.0,607.0,563.0
52.0,2315.0,292.0,258.0
34.0,1223.0,281.0,280.0
52.0,3123.0,749.0,684.0
35.0,504.0,126.0,109.0
44.0,548.0,119.0,136.0
30.0,4145.0,869.0,855.0
43.0,1383.0,275.0,272.0
52.0,1927.0,279.0,288.0
52.0,1748.0,362.0,366.0
41.0,746.0,,161.0
37.0,3061.0,930.0,924.0
44.0,1678.0,514.0,495.0
47.0,1372.0,395.0,303.0
52.0,769.0,206.0,183.0
45.0,2324.0,397.0,384.0
52.0,771.0,147.0,144.0
42.0,1180.0,257.0,268.0
52.0,745.0,153.0,149.0
52.0,888.0,168.0,175.0
38.0,2457.0,624.0,482.0
50.0,499.0,127.0,128.0
52.0,3046.0,373.0,365.0
37.0,2116.0,503.0,448.0
52.0,1844.0,332.0,334.0
45.0,2718.0,451.0,454.0
39.0,2003.0,500.0,464.0
44.0,2968.0,710.0,610.0
52.0,1489.0,335.0,244.0
30.0,999.0,264.0,263.0
52.0,1688.0,337.0,325.0
52.0,2800.0,411.0,403.0
52.0,2093.0,550.0,483.0
34.0,5065.0,788.0,766.0
47.0,463.0,134.0,137.0
52.0,2183.0,465.0,460.0
52.0,340.0,97.0,87.0
52.0,2898.0,557.0,550.0
44.0,3424.0,597.0,597.0
47.0,1229.0,243.0,256.0
52.0,2033.0,486.0,459.0
52.0,3104.0,687.0,647.0
52.0,477.0,119.0,106.0
52.0,2990.0,379.0,361.0
37.0,2343.0,574.0,523.0
52.0,653.0,128.0,121.0
52.0,1238.0,288.0,259.0
10.0,875.0,348.0,330.0
45.0,1786.0,526.0,460.0
52.0,1279.0,287.0,291.0
43.0,1534.0,300.0,295.0
42.0,4074.0,874.0,780.0
52.0,2432.0,715.0,696.0
52.0,773.0,143.0,115.0
28.0,794.0,111.0,109.0
10.0,105.0,42.0,39.0
51.0,2665.0,574.0,536.0
49.0,2308.0,452.0,451.0
52.0,1233.0,300.0,292.0
8.0,3602.0,,580.0
14.0,1724.0,315.0,302.0
52.0,215.0,87.0,88.0
44.0,1064.0,230.0,175.0
28.0,1812.0,294.0,278.0
9.0,2214.0,256.0,239.0
46.0,1938.0,341.0,332.0
51.0,2619.0,403.0,393.0
17.0,1258.0,254.0,229.0
41.0,685.0,141.0,123.0
43.0,1415.0,348.0,293.0
37.0,1468.0,304.0,282.0
17.0,1364.0,282.0,152.0
16.0,3120.0,641.0,526.0
52.0,2474.0,403.0,398.0
48.0,977.0,194.0,180.0
16.0,3421.0,427.0,428.0
13.0,1473.0,265.0,228.0
44.0,617.0,131.0,135.0
35.0,5161.0,1744.0,1742.0
40.0,1227.0,294.0,261.0
43.0,1007.0,312.0,253.0
43.0,955.0,284.0,266.0
41.0,4400.0,666.0,648.0
13.0,3742.0,555.0,559.0
52.0,3007.0,691.0,636.0
39.0,1420.0,272.0,277.0
18.0,5778.0,1526.0,1352.0
36.0,1126.0,263.0,150.0
52.0,3618.0,768.0,755.0
52.0,902.0,237.0,227.0
52.0,589.0,132.0,131.0
33.0,1954.0,464.0,448.0
52.0,674.0,180.0,168.0
52.0,3424.0,690.0,685.0
52.0,2198.0,397.0,369.0
43.0,2430.0,502.0,484.0
52.0,1586.0,398.0,335.0
52.0,1974.0,426.0,363.0
41.0,3221.0,853.0,720.0
48.0,1751.0,390.0,349.0
52.0,1693.0,391.0,367.0
52.0,1210.0,168.0,172.0
52.0,3774.0,744.0,679.0
52.0,3519.0,711.0,706.0
51.0,2107.0,471.0,438.0
52.0,1087.0,371.0,350.0
52.0,1757.0,246.0,227.0
46.0,941.0,218.0,195.0
52.0,2269.0,323.0,321.0
52.0,609.0,236.0,250.0
46.0,2366.0,575.0,527.0
39.0,2689.0,597.0,537.0
42.0,909.0,215.0,198.0
43.0,1017.0,328.0,277.0
52.0,1769.0,372.0,365.0
52.0,1591.0,373.0,347.0
52.0,2888.0,604.0,538.0
52.0,3665.0,517.0,520.0
40.0,1340.0,313.0,271.0
20.0,8068.0,1217.0,1259.0
38.0,1779.0,413.0,400.0
52.0,2070.0,329.0,306.0
36.0,1755.0,316.0,299.0
52.0,1193.0,200.0,207.0
52.0,391.0,128.0,138.0
36.0,690.0,105.0,109.0
50.0,1487.0,306.0,327.0
33.0,1996.0,268.0,270.0
43.0,1587.0,320.0,306.0
52.0,1848.0,479.0,477.0
42.0,932.0,254.0,263.0
52.0,2178.0,421.0,423.0
36.0,1480.0,278.0,283.0
52.0,1783.0,395.0,412.0
36.0,1077.0,293.0,276.0
52.0,2640.0,366.0,355.0
34.0,1355.0,195.0,195.0
17.0,1504.0,358.0,250.0
52.0,2315.0,408.0,369.0
52.0,1571.0,349.0,326.0
27.0,1632.0,492.0,429.0
39.0,1823.0,286.0,270.0
52.0,945.0,243.0,220.0
52.0,3529.0,574.0,555.0
48.0,1694.0,259.0,238.0
5.0,2087.0,407.0,401.0
37.0,1229.0,181.0,176.0
50.0,1746.0,480.0,415.0
49.0,2052.0,435.0,414.0
46.0,1234.0,375.0,354.0
27.0,3239.0,671.0,616.0
52.0,1153.0,235.0,223.0
30.0,292.0,38.0,52.0
52.0,1252.0,299.0,280.0
52.0,1070.0,193.0,190.0
44.0,2341.0,500.0,485.0
20.0,2373.0,779.0,676.0
52.0,1038.0,220.0,215.0
52.0,2255.0,410.0,377.0
36.0,998.0,178.0,183.0
52.0,2449.0,312.0,316.0
52.0,1604.0,263.0,286.0
52.0,3084.0,698.0,694.0
52.0,895.0,198.0,204.0
52.0,2604.0,837.0,769.0
52.0,2492.0,415.0,375.0
10.0,8299.0,1326.0,1288.0
52.0,591.0,173.0,137.0
45.0,2115.0,533.0,474.0
35.0,1802.0,459.0,390.0
52.0,2269.0,380.0,371.0
52.0,2363.0,604.0,573.0
36.0,1468.0,252.0,229.0
46.0,1520.0,402.0,375.0
44.0,1487.0,314.0,272.0
52.0,1709.0,318.0,295.0
52.0,2031.0,450.0,445.0
41.0,2214.0,550.0,568.0
25.0,1914.0,365.0,390.0
43.0,1702.0,460.0,407.0
20.0,4296.0,817.0,800.0
52.0,1477.0,300.0,269.0
26.0,1589.0,223.0,211.0
46.0,1647.0,376.0,355.0
52.0,4048.0,663.0,590.0
52.0,1248.0,283.0,275.0
50.0,1187.0,261.0,246.0
32.0,1835.0,264.0,263.0
52.0,2721.0,541.0,515.0
40.0,1685.0,343.0,342.0
42.0,2038.0,368.0,355.0
38.0,992.0,,259.0
52.0,2551.0,417.0,404.0
52.0,2307.0,583.0,548.0
52.0,3360.0,648.0,621.0
37.0,2220.0,335.0,362.0
49.0,1325.0,277.0,282.0
40.0,1445.0,256.0,255.0
40.0,930.0,199.0,184.0
52.0,2026.0,482.0,456.0
49.0,1826.0,450.0,424.0
50.0,1920.0,530.0,477.0
52.0,2170.0,428.0,425.0
43.0,1391.0,293.0,285.0
44.0,1066.0,253.0,244.0
17.0,3145.0,621.0,559.0
52.0,2329.0,445.0,417.0
21.0,1307.0,236.0,249.0
42.0,1524.0,260.0,267.0
52.0,783.0,184.0,186.0
37.0,334.0,54.0,47.0
34.0,2364.0,557.0,516.0
49.0,2838.0,749.0,677.0
44.0,1097.0,239.0,215.0
36.0,606.0,132.0,133.0
36.0,847.0,212.0,159.0
37.0,2619.0,682.0,616.0
46.0,1827.0,307.0,302.0
28.0,856.0,189.0,162.0
47.0,881.0,248.0,241.0
43.0,2364.0,792.0,722.0
30.0,1465.0,439.0,425.0
52.0,1490.0,238.0,256.0
37.0,1643.0,262.0,266.0
44.0,1218.0,248.0,254.0
44.0,1621.0,452.0,491.0
38.0,1246.0,221.0,222.0
45.0,2299.0,514.0,484.0
52.0,3037.0,516.0,518.0
52.0,2513.0,502.0,518.0
50.0,1642.0,322.0,284.0
30.0,3326.0,746.0,703.0
29.0,1791.0,271.0,269.0
18.0,9963.0,2031.0,1946.0
52.0,2616.0,473.0,487.0
52.0,1803.0,420.0,401.0
28.0,3337.0,855.0,802.0
41.0,2070.0,354.0,340.0
52.0,1192.0,289.0,257.0
17.0,924.0,289.0,289.0
52.0,2300.0,443.0,423.0
52.0,2024.0,339.0,340.0
43.0,1985.0,440.0,407.0
49.0,1368.0,282.0,269.0
40.0,1060.0,256.0,235.0
49.0,2272.0,498.0,483.0
52.0,834.0,186.0,175.0
43.0,5963.0,1344.0,1231.0
45.0,990.0,261.0,260.0
33.0,142.0,31.0,47.0
52.0,1222.0,264.0,265.0
43.0,1420.0,472.0,438.0
21.0,896.0,453.0,438.0
27.0,1055.0,347.0,302.0
25.0,1134.0,153.0,171.0
52.0,2927.0,402.0,380.0
43.0,1626.0,376.0,357.0
24.0,2459.0,317.0,324.0
39.0,1752.0,399.0,376.0
31.0,2424.0,533.0,452.0
38.0,2254.0,535.0,487.0
38.0,3049.0,711.0,659.0
49.0,882.0,195.0,210.0
35.0,667.0,140.0,133.0
45.0,1528.0,291.0,287.0
35.0,632.0,148.0,102.0
46.0,2109.0,387.0,329.0
10.0,7441.0,1588.0,1466.0
52.0,1433.0,229.0,213.0
41.0,856.0,178.0,191.0
43.0,1473.0,371.0,341.0
49.0,893.0,177.0,181.0
30.0,414.0,54.0,50.0
41.0,2036.0,510.0,454.0
35.0,3218.0,1108.0,1000.0
44.0,1025.0,198.0,204.0
52.0,2803.0,930.0,876.0
46.0,3022.0,696.0,675.0
52.0,2079.0,273.0,275.0
52.0,1555.0,289.0,292.0
52.0,1565.0,315.0,297.0
38.0,2263.0,522.0,509.0
49.0,2932.0,668.0,608.0
22.0,3682.0,1270.0,1250.0
29.0,4656.0,1414.0,1250.0
40.0,4991.0,674.0,654.0
31.0,3184.0,716.0,628.0
36.0,1678.0,606.0,543.0
18.0,1617.0,210.0,194.0
44.0,2340.0,825.0,751.0
52.0,2041.0,270.0,253.0
24.0,2262.0,391.0,366.0
52.0,2159.0,424.0,388.0
6.0,3028.0,778.0,736.0
52.0,1394.0,223.0,230.0
28.0,6909.0,1554.0,1484.0
35.0,1184.0,200.0,194.0
51.0,1637.0,463.0,393.0
26.0,3816.0,637.0,642.0
29.0,3433.0,711.0,709.0
29.0,1298.0,306.0,338.0
45.0,330.0,76.0,80.0
48.0,1252.0,305.0,308.0
26.0,1293.0,297.0,303.0
24.0,1790.0,454.0,386.0
33.0,1280.0,307.0,286.0
52.0,1172.0,215.0,218.0
45.0,891.0,,146.0
50.0,1829.0,536.0,516.0
37.0,848.0,202.0,205.0
46.0,1777.0,446.0,431.0
27.0,2229.0,365.0,355.0
10.0,2229.0,601.0,485.0
21.0,7031.0,1249.0,1235.0
52.0,2388.0,559.0,518.0
36.0,2191.0,531.0,524.0
30.0,5267.0,1253.0,1113.0
35.0,2632.0,447.0,486.0
29.0,5154.0,,1273.0
31.0,1843.0,282.0,269.0
18.0,3000.0,419.0,415.0
36.0,1151.0,216.0,215.0
19.0,1207.0,243.0,207.0
19.0,2207.0,565.0,520.0
35.0,2865.0,460.0,443.0
52.0,1813.0,353.0,339.0
35.0,686.0,142.0,149.0
7.0,2456.0,463.0,424.0
33.0,1809.0,261.0,219.0
45.0,995.0,238.0,237.0
47.0,824.0,223.0,166.0
52.0,979.0,175.0,153.0
52.0,1547.0,293.0,268.0
52.0,2567.0,436.0,415.0
52.0,2814.0,365.0,352.0
30.0,610.0,145.0,140.0
29.0,1640.0,376.0,340.0
52.0,1026.0,180.0,168.0
52.0,3497.0,832.0,794.0
15.0,3052.0,760.0,728.0
19.0,2005.0,405.0,403.0
22.0,1898.0,239.0,245.0
17.0,2380.0,769.0,643.0
38.0,1764.0,397.0,354.0
52.0,1650.0,395.0,380.0
42.0,1756.0,465.0,422.0
47.0,2118.0,413.0,382.0
12.0,9831.0,1921.0,1775.0
13.0,2020.0,535.0,486.0
52.0,2225.0,460.0,430.0
52.0,1971.0,335.0,308.0
33.0,691.0,127.0,149.0
52.0,1316.0,177.0,162.0
52.0,1587.0,444.0,449.0
17.0,5497.0,1056.0,408.0
16.0,2276.0,594.0,513.0
16.0,2919.0,462.0,453.0
38.0,1007.0,245.0,239.0
20.0,563.0,107.0,123.0
12.0,1733.0,421.0,415.0
33.0,3161.0,934.0,846.0
52.0,3242.0,366.0,352.0
52.0,859.0,157.0,158.0
35.0,1931.0,376.0,337.0
25.0,1374.0,297.0,288.0
52.0,754.0,175.0,165.0
44.0,1613.0,339.0,346.0
52.0,2261.0,328.0,335.0
34.0,656.0,115.0,112.0
26.0,1167.0,370.0,137.0
16.0,1257.0,231.0,213.0
18.0,2807.0,445.0,437.0
48.0,1696.0,396.0,343.0
36.0,1501.0,287.0,276.0
27.0,2784.0,723.0,693.0
51.0,175.0,43.0,55.0
50.0,2833.0,605.0,552.0
36.0,1487.0,249.0,243.0
45.0,453.0,146.0,137.0
49.0,1283.0,238.0,236.0
43.0,2018.0,408.0,367.0
52.0,1711.0,386.0,373.0
52.0,1387.0,341.0,304.0
36.0,1266.0,228.0,239.0
29.0,2172.0,435.0,408.0
28.0,1326.0,184.0,190.0
37.0,1379.0,287.0,259.0
18.0,3631.0,547.0,520.0
47.0,998.0,211.0,185.0
46.0,954.0,161.0,154.0
52.0,1339.0,391.0,363.0
50.0,1776.0,473.0,440.0
49.0,2026.0,548.0,521.0
35.0,2691.0,542.0,505.0
17.0,5654.0,1085.0,953.0
52.0,1670.0,350.0,299.0
17.0,3956.0,639.0,662.0
43.0,2264.0,390.0,368.0
43.0,3045.0,499.0,455.0
50.0,968.0,195.0,184.0
47.0,1116.0,259.0,279.0
22.0,12842.0,2048.0,1967.0
42.0,1414.0,274.0,244.0
36.0,361.0,69.0,58.0
22.0,3882.0,816.0,743.0
40.0,1808.0,302.0,270.0
46.0,2103.0,391.0,354.0
31.0,1892.0,428.0,389.0
52.0,2087.0,510.0,488.0
45.0,3758.0,819.0,736.0
52.0,2153.0,481.0,441.0
36.0,1885.0,307.0,271.0
19.0,2688.0,469.0,422.0
13.0,2983.0,534.0,510.0
18.0,2144.0,420.0,381.0
41.0,921.0,207.0,159.0
41.0,2576.0,406.0,376.0
52.0,1468.0,363.0,347.0
39.0,1583.0,349.0,316.0
52.0,938.0,195.0,189.0
26.0,3179.0,703.0,639.0
44.0,1938.0,399.0,331.0
49.0,898.0,244.0,245.0
52.0,3011.0,542.0,535.0
37.0,2680.0,736.0,667.0
36.0,2239.0,391.0,379.0
29.0,2304.0,618.0,552.0
49.0,1183.0,205.0,209.0
39.0,617.0,95.0,106.0
38.0,1035.0,247.0,224.0
45.0,726.0,147.0,135.0
42.0,1342.0,291.0,266.0
52.0,1056.0,224.0,245.0
36.0,4569.0,824.0,819.0
18.0,2791.0,492.0,438.0
36.0,2781.0,574.0,519.0
40.0,1748.0,318.0,317.0
29.0,2070.0,452.0,420.0
10.0,503.0,118.0,100.0
49.0,1175.0,217.0,219.0
37.0,1507.0,242.0,253.0
26.0,3959.0,1196.0,1217.0
28.0,3144.0,761.0,669.0
52.0,335.0,83.0,77.0
50.0,954.0,217.0,201.0
41.0,535.0,123.0,119.0
11.0,5460.0,859.0,838.0
39.0,2069.0,500.0,478.0
52.0,2318.0,328.0,312.0
48.0,1321.0,263.0,252.0
52.0,862.0,215.0,213.0
16.0,2754.0,570.0,543.0
41.0,1125.0,195.0,181.0
28.0,4071.0,713.0,647.0
23.0,1689.0,461.0,443.0
31.0,2878.0,478.0,485.0
23.0,2317.0,336.0,328.0
46.0,769.0,183.0,178.0
52.0,1149.0,255.0,249.0
17.0,4032.0,814.0,618.0
33.0,1334.0,200.0,202.0
52.0,2024.0,391.0,350.0
52.0,1758.0,460.0,422.0
45.0,1852.0,393.0,349.0
33.0,4413.0,1107.0,1051.0
46.0,1895.0,442.0,425.0
37.0,1793.0,364.0,346.0
52.0,1527.0,320.0,264.0
44.0,1421.0,298.0,270.0
43.0,1036.0,233.0,213.0
45.0,1766.0,332.0,327.0
5.0,4980.0,774.0,763.0
36.0,2110.0,389.0,370.0
37.0,1976.0,481.0,465.0
52.0,96.0,31.0,34.0
52.0,2504.0,516.0,472.0
52.0,775.0,134.0,123.0
38.0,1164.0,284.0,289.0
23.0,4483.0,894.0,883.0
26.0,1633.0,380.0,370.0
14.0,2351.0,620.0,548.0
37.0,978.0,202.0,184.0
9.0,2294.0,389.0,365.0
44.0,1891.0,449.0,432.0
25.0,2322.0,573.0,602.0
26.0,2261.0,443.0,395.0
22.0,3526.0,510.0,508.0
15.0,2130.0,273.0,285.0
6.0,2605.0,474.0,433.0
38.0,1042.0,289.0,248.0
20.0,2505.0,468.0,429.0
28.0,3639.0,751.0,641.0
15.0,3831.0,625.0,328.0
26.0,1733.0,265.0,274.0
35.0,2663.0,387.0,367.0
12.0,1958.0,369.0,354.0
52.0,2252.0,388.0,434.0
30.0,2599.0,366.0,350.0
47.0,1190.0,251.0,266.0
17.0,1463.0,292.0,330.0
32.0,2015.0,318.0,340.0
37.0,1296.0,296.0,257.0
9.0,4909.0,577.0,591.0
31.0,2537.0,382.0,410.0
37.0,1997.0,436.0,437.0
18.0,7272.0,1559.0,1524.0
23.0,2179.0,308.0,299.0
34.0,1471.0,423.0,386.0
31.0,2053.0,336.0,329.0
12.0,5048.0,1122.0,1014.0
45.0,1498.0,313.0,305.0
31.0,3300.0,790.0,740.0
37.0,1217.0,199.0,194.0
16.0,1642.0,346.0,351.0
25.0,1354.0,192.0,220.0
12.0,14631.0,3298.0,3262.0
5.0,1150.0,311.0,245.0
30.0,5367.0,1207.0,1047.0
39.0,1670.0,308.0,335.0
34.0,2738.0,475.0,459.0
5.0,4274.0,1153.0,881.0
34.0,1131.0,278.0,237.0
36.0,1097.0,208.0,225.0
38.0,1723.0,394.0,353.0
33.0,1160.0,252.0,220.0
19.0,2034.0,288.0,295.0
18.0,1651.0,309.0,293.0
26.0,1503.0,343.0,296.0
44.0,2252.0,592.0,550.0
17.0,2748.0,556.0,514.0
5.0,3596.0,467.0,512.0
17.0,1463.0,338.0,226.0
39.0,854.0,242.0,228.0
52.0,2773.0,998.0,949.0
35.0,517.0,108.0,107.0
42.0,3592.0,703.0,665.0
29.0,4169.0,1047.0,962.0
17.0,3685.0,775.0,734.0
49.0,713.0,202.0,189.0
42.0,1639.0,367.0,366.0
18.0,4326.0,655.0,646.0
48.0,1096.0,218.0,199.0
12.0,14316.0,2045.0,2007.0
52.0,444.0,80.0,98.0
34.0,1891.0,323.0,355.0
27.0,6103.0,1249.0,1134.0
21.0,4124.0,1054.0,998.0
52.0,2876.0,648.0,632.0
52.0,1137.0,301.0,259.0
18.0,1177.0,224.0,105.0
30.0,2261.0,443.0,383.0
25.0,2019.0,411.0,326.0
12.0,782.0,166.0,164.0
52.0,1225.0,169.0,168.0
50.0,1867.0,403.0,378.0
46.0,2239.0,508.0,569.0
42.0,1472.0,310.0,309.0
32.0,3400.0,736.0,694.0
6.0,8072.0,1050.0,1062.0
46.0,1029.0,181.0,211.0
49.0,2428.0,525.0,492.0
31.0,1611.0,455.0,411.0
9.0,818.0,197.0,197.0
19.0,3192.0,612.0,594.0
32.0,1852.0,373.0,365.0
15.0,2150.0,327.0,324.0
15.0,3142.0,618.0,285.0
45.0,1314.0,277.0,232.0
30.0,2211.0,346.0,343.0
21.0,5031.0,1168.0,1042.0
31.0,1487.0,280.0,301.0
52.0,1846.0,471.0,446.0
38.0,1663.0,295.0,301.0
52.0,2378.0,508.0,451.0
9.0,3079.0,519.0,512.0
8.0,5690.0,1189.0,1077.0
52.0,729.0,160.0,155.0
36.0,2639.0,533.0,519.0
18.0,9576.0,1455.0,1380.0
35.0,657.0,118.0,134.0
39.0,1715.0,623.0,467.0
52.0,1898.0,421.0,397.0
35.0,1298.0,236.0,204.0
19.0,3516.0,710.0,703.0
36.0,1464.0,244.0,261.0
52.0,1408.0,280.0,265.0
41.0,1594.0,367.0,355.0
52.0,1813.0,271.0,277.0
38.0,1493.0,370.0,351.0
43.0,4329.0,1110.0,1053.0
34.0,1513.0,231.0,211.0
52.0,1389.0,191.0,202.0
50.0,1279.0,300.0,255.0
15.0,5083.0,1212.0,1146.0
52.0,4076.0,920.0,815.0
22.0,5811.0,1125.0,1086.0
20.0,1156.0,365.0,326.0
52.0,409.0,97.0,98.0
42.0,541.0,154.0,123.0
52.0,1665.0,419.0,395.0
38.0,2012.0,347.0,332.0
52.0,1028.0,129.0,143.0
16.0,994.0,392.0,362.0
46.0,2041.0,405.0,399.0
52.0,1511.0,390.0,403.0
47.0,1375.0,307.0,319.0
45.0,2964.0,436.0,426.0
52.0,2495.0,491.0,464.0
52.0,1665.0,404.0,372.0
52.0,2003.0,250.0,244.0
37.0,2444.0,651.0,618.0
52.0,472.0,146.0,126.0
23.0,3170.0,532.0,515.0
52.0,2260.0,416.0,412.0
52.0,2650.0,566.0,567.0
37.0,1893.0,310.0,315.0
52.0,1731.0,377.0,363.0
27.0,4051.0,753.0,797.0
28.0,5287.0,1048.0,956.0
15.0,3051.0,685.0,668.0
52.0,2155.0,701.0,613.0
52.0,2612.0,365.0,367.0
29.0,335.0,107.0,91.0
49.0,1655.0,366.0,329.0
15.0,1677.0,345.0,330.0
52.0,1656.0,420.0,382.0
40.0,946.0,375.0,352.0
52.0,2246.0,472.0,449.0
52.0,2744.0,547.0,554.0
52.0,3171.0,698.0,696.0
52.0,249.0,78.0,85.0
17.0,1962.0,291.0,267.0
8.0,2371.0,375.0,396.0
21.0,5051.0,1054.0,980.0
23.0,7518.0,1279.0,1294.0
42.0,4120.0,1065.0,1015.0
52.0,1049.0,185.0,176.0
39.0,246.0,57.0,52.0
52.0,1909.0,416.0,406.0
39.0,2492.0,310.0,315.0
40.0,494.0,114.0,135.0
52.0,3706.0,531.0,504.0
52.0,2646.0,581.0,522.0
18.0,2873.0,763.0,663.0
26.0,2714.0,390.0,409.0
26.0,2506.0,387.0,406.0
29.0,2333.0,538.0,540.0
46.0,1267.0,324.0,321.0
52.0,1170.0,235.0,233.0
36.0,1545.0,273.0,267.0
34.0,842.0,186.0,165.0
14.0,1727.0,302.0,273.0
52.0,3108.0,813.0,765.0
52.0,2024.0,320.0,334.0
52.0,1088.0,305.0,267.0
52.0,762.0,190.0,195.0
44.0,495.0,112.0,109.0
48.0,2063.0,484.0,466.0
22.0,2598.0,482.0,490.0
47.0,2077.0,400.0,326.0
39.0,786.0,132.0,132.0
52.0,610.0,145.0,132.0
49.0,1916.0,447.0,378.0
37.0,1575.0,358.0,320.0
16.0,3216.0,464.0,453.0
36.0,1047.0,214.0,166.0
28.0,1784.0,311.0,278.0
43.0,1676.0,340.0,328.0
52.0,1668.0,225.0,214.0
37.0,2412.0,394.0,375.0
23.0,4332.0,857.0,829.0
35.0,2183.0,383.0,392.0
17.0,2756.0,423.0,426.0
29.0,866.0,138.0,133.0
52.0,2286.0,464.0,441.0
15.0,7803.0,1603.0,1546.0
21.0,2628.0,494.0,468.0
29.0,3517.0,645.0,585.0
39.0,2018.0,447.0,446.0
52.0,1503.0,298.0,275.0
30.0,1751.0,269.0,263.0
25.0,2973.0,622.0,595.0
47.0,1543.0,307.0,292.0
43.0,2344.0,647.0,644.0
43.0,500.0,110.0,120.0
41.0,1501.0,299.0,288.0
24.0,2329.0,465.0,453.0
52.0,1978.0,293.0,272.0
46.0,1026.0,226.0,225.0
33.0,1595.0,292.0,300.0
52.0,3051.0,381.0,369.0
35.0,2562.0,554.0,525.0
14.0,7355.0,2408.0,2051.0
15.0,5674.0,748.0,714.0
18.0,1222.0,250.0,281.0
20.0,6462.0,1294.0,1235.0
19.0,1127.0,170.0,167.0
24.0,1302.0,,243.0
9.0,3585.0,680.0,598.0
16.0,2498.0,330.0,343.0
37.0,1755.0,327.0,350.0
6.0,10191.0,1882.0,1789.0
36.0,1118.0,219.0,228.0
48.0,2153.0,517.0,459.0
32.0,3028.0,811.0,703.0
35.0,1716.0,312.0,316.0
24.0,2077.0,383.0,389.0
18.0,2876.0,423.0,427.0
36.0,410.0,76.0,82.0
17.0,5018.0,1439.0,1299.0
47.0,1256.0,,218.0
12.0,5608.0,1049.0,1067.0
29.0,2468.0,864.0,773.0
36.0,1409.0,271.0,281.0
18.0,2903.0,387.0,372.0
31.0,2414.0,428.0,401.0
48.0,2365.0,490.0,475.0
23.0,1970.0,296.0,279.0
52.0,950.0,202.0,198.0
52.0,3549.0,707.0,714.0
22.0,4638.0,716.0,687.0
25.0,3018.0,606.0,568.0
17.0,1237.0,462.0,439.0
23.0,2215.0,475.0,492.0
37.0,3000.0,457.0,450.0
17.0,1671.0,352.0,252.0
19.0,4572.0,712.0,709.0
29.0,4133.0,744.0,749.0
46.0,1885.0,385.0,347.0
28.0,2414.0,415.0,453.0
50.0,1300.0,263.0,239.0
34.0,3659.0,897.0,903.0
25.0,3402.0,758.0,710.0
43.0,1575.0,324.0,284.0
18.0,1676.0,332.0,318.0
39.0,1612.0,342.0,322.0
28.0,1900.0,401.0,351.0
43.0,228.0,40.0,42.0
52.0,1045.0,239.0,216.0
52.0,1611.0,203.0,179.0
43.0,3046.0,557.0,544.0
52.0,2375.0,333.0,350.0
29.0,493.0,168.0,152.0
19.0,2888.0,591.0,499.0
15.0,1850.0,441.0,403.0
45.0,1397.0,253.0,248.0
35.0,1872.0,419.0,414.0
50.0,1120.0,283.0,264.0
15.0,2576.0,418.0,410.0
6.0,3023.0,518.0,468.0
22.0,4126.0,614.0,613.0
28.0,3144.0,694.0,482.0
52.0,3726.0,474.0,496.0
17.0,5159.0,832.0,817.0
32.0,2572.0,406.0,395.0
20.0,1705.0,353.0,341.0
43.0,3783.0,814.0,789.0
36.0,1305.0,225.0,234.0
31.0,5785.0,1379.0,1312.0
35.0,1958.0,484.0,448.0
11.0,2455.0,344.0,339.0
36.0,2879.0,480.0,455.0
4.0,2341.0,408.0,431.0
52.0,502.0,100.0,100.0
16.0,6647.0,2098.0,1903.0
52.0,3503.0,752.0,734.0
52.0,210.0,56.0,56.0
30.0,1197.0,269.0,279.0
52.0,1659.0,367.0,346.0
50.0,1050.0,288.0,260.0
52.0,1704.0,371.0,340.0
52.0,1420.0,314.0,300.0
52.0,772.0,179.0,160.0
4.0,14652.0,2826.0,2579.0
32.0,3809.0,1098.0,1022.0
52.0,1470.0,330.0,309.0
52.0,957.0,188.0,172.0
35.0,2211.0,350.0,365.0
37.0,2141.0,535.0,555.0
49.0,1494.0,316.0,288.0
35.0,948.0,184.0,169.0
52.0,1224.0,237.0,159.0
41.0,1257.0,271.0,230.0
30.0,3115.0,625.0,568.0
52.0,970.0,217.0,208.0
50.0,2239.0,455.0,419.0
52.0,1443.0,311.0,292.0
52.0,3481.0,751.0,718.0
39.0,1469.0,431.0,389.0
31.0,4596.0,1331.0,1180.0
52.0,986.0,258.0,255.0
52.0,386.0,164.0,155.0
52.0,2944.0,536.0,521.0
49.0,1130.0,244.0,239.0
40.0,624.0,195.0,160.0
35.0,2681.0,508.0,536.0
52.0,1966.0,347.0,331.0
52.0,1630.0,456.0,400.0
43.0,818.0,193.0,179.0
36.0,542.0,119.0,121.0
16.0,3045.0,543.0,102.0
39.0,1139.0,265.0,264.0
35.0,2277.0,420.0,413.0
49.0,1350.0,368.0,350.0
10.0,2227.0,560.0,472.0
20.0,200.0,25.0,31.0
27.0,5532.0,973.0,960.0
46.0,12.0,4.0,7.0
48.0,1922.0,409.0,335.0
26.0,2470.0,626.0,573.0
25.0,2202.0,422.0,403.0
52.0,2248.0,422.0,377.0
16.0,3349.0,544.0,488.0
52.0,696.0,191.0,174.0
48.0,1455.0,354.0,332.0
13.0,4110.0,847.0,706.0
45.0,2179.0,401.0,399.0
52.0,1803.0,240.0,236.0
46.0,935.0,297.0,277.0
26.0,1786.0,306.0,279.0
51.0,1590.0,414.0,392.0
23.0,4925.0,948.0,894.0
3.0,9217.0,1522.0,1272.0
25.0,1476.0,336.0,297.0
44.0,2147.0,399.0,401.0
25.0,5869.0,1685.0,1554.0
23.0,3832.0,774.0,747.0
26.0,3266.0,491.0,533.0
4.0,3746.0,993.0,838.0
35.0,899.0,179.0,185.0
38.0,890.0,200.0,198.0
40.0,432.0,102.0,77.0
27.0,3094.0,866.0,789.0
5.0,18634.0,2885.0,2718.0
22.0,3009.0,497.0,514.0
8.0,8647.0,1407.0,1379.0
50.0,1542.0,289.0,268.0
34.0,2791.0,495.0,468.0
42.0,1241.0,309.0,300.0
15.0,4221.0,816.0,743.0
12.0,3744.0,699.0,660.0
13.0,8918.0,1823.0,1772.0
36.0,2350.0,499.0,467.0
14.0,4236.0,701.0,663.0
52.0,1705.0,246.0,253.0
37.0,3156.0,534.0,543.0
35.0,2843.0,652.0,643.0
18.0,4335.0,808.0,734.0
9.0,3666.0,711.0,703.0
27.0,6740.0,1073.0,1035.0
44.0,1014.0,225.0,238.0
37.0,1352.0,342.0,324.0
15.0,1743.0,310.0,325.0
4.0,2171.0,597.0,461.0
28.0,1433.0,290.0,313.0
22.0,9167.0,1373.0,1404.0
34.0,1457.0,242.0,249.0
9.0,3006.0,540.0,418.0
34.0,1880.0,459.0,422.0
37.0,3633.0,1085.0,980.0
35.0,2472.0,398.0,390.0
27.0,3997.0,1073.0,966.0
52.0,2485.0,313.0,327.0
52.0,919.0,213.0,193.0
52.0,1467.0,190.0,177.0
35.0,1032.0,173.0,176.0
52.0,1027.0,244.0,147.0
32.0,2476.0,368.0,367.0
34.0,3038.0,490.0,496.0
25.0,2538.0,494.0,501.0
36.0,3541.0,570.0,529.0
7.0,9540.0,1294.0,1229.0
46.0,3232.0,835.0,747.0
49.0,135.0,29.0,23.0
48.0,828.0,182.0,133.0
27.0,2630.0,722.0,634.0
52.0,1114.0,206.0,207.0
26.0,3204.0,477.0,484.0
40.0,751.0,184.0,166.0
52.0,2224.0,437.0,422.0
52.0,1228.0,293.0,303.0
39.0,3770.0,534.0,500.0
52.0,2436.0,541.0,478.0
31.0,3866.0,531.0,521.0
15.0,4403.0,891.0,433.0
11.0,1720.0,345.0,326.0
28.0,5806.0,1603.0,1497.0
50.0,629.0,188.0,196.0
16.0,1816.0,365.0,355.0
17.0,407.0,97.0,100.0
5.0,3785.0,936.0,792.0
40.0,880.0,451.0,380.0
51.0,936.0,311.0,249.0
29.0,1694.0,251.0,242.0
3.0,2456.0,582.0,456.0
36.0,1633.0,345.0,338.0
11.0,5103.0,825.0,810.0
52.0,2156.0,458.0,445.0
28.0,4236.0,877.0,881.0
26.0,1910.0,371.0,357.0
30.0,1895.0,366.0,359.0
24.0,2563.0,485.0,501.0
23.0,2293.0,411.0,399.0
28.0,2829.0,566.0,540.0
35.0,2347.0,526.0,481.0
37.0,1341.0,256.0,242.0
28.0,2280.0,610.0,587.0
15.0,3750.0,691.0,603.0
35.0,1213.0,221.0,243.0
42.0,2555.0,665.0,595.0
5.0,5303.0,779.0,727.0
13.0,4545.0,952.0,901.0
29.0,2001.0,373.0,370.0
6.0,2445.0,590.0,573.0
15.0,10265.0,1860.0,1906.0
52.0,1710.0,481.0,457.0
37.0,3342.0,,557.0
52.0,2376.0,559.0,519.0
35.0,1130.0,192.0,184.0
45.0,2315.0,451.0,444.0
17.0,2488.0,617.0,538.0
36.0,1687.0,372.0,372.0
35.0,2072.0,352.0,350.0
34.0,3263.0,604.0,594.0
52.0,2535.0,489.0,514.0
15.0,3475.0,686.0,653.0
18.0,2741.0,449.0,460.0
12.0,6711.0,1374.0,1289.0
40.0,1800.0,290.0,277.0
23.0,5679.0,1270.0,1151.0
26.0,1977.0,264.0,273.0
26.0,4211.0,741.0,734.0
14.0,3056.0,369.0,377.0
52.0,1071.0,201.0,192.0
8.0,3592.0,849.0,746.0
20.0,1804.0,254.0,260.0
28.0,5022.0,1750.0,1661.0
52.0,1389.0,212.0,224.0
49.0,844.0,204.0,152.0
52.0,1509.0,225.0,244.0
50.0,760.0,190.0,122.0
2.0,158.0,43.0,57.0
38.0,1571.0,317.0,301.0
16.0,1606.0,240.0,268.0
52.0,2202.0,434.0,402.0
52.0,4190.0,1105.0,1037.0
31.0,1797.0,327.0,319.0
35.0,880.0,139.0,132.0
52.0,1204.0,460.0,477.0
18.0,7397.0,1137.0,1115.0
17.0,3314.0,638.0,602.0
45.0,1613.0,338.0,336.0
16.0,4371.0,889.0,817.0
17.0,3659.0,735.0,667.0
12.0,6915.0,1639.0,1468.0
26.0,3761.0,623.0,613.0
17.0,5273.0,1177.0,1199.0
24.0,3166.0,424.0,400.0
24.0,8444.0,1492.0,1491.0
5.0,1692.0,398.0,328.0
28.0,3046.0,507.0,516.0
37.0,901.0,191.0,206.0
46.0,1210.0,243.0,242.0
33.0,2242.0,517.0,449.0
35.0,2361.0,458.0,467.0
34.0,1988.0,511.0,15.0
24.0,5732.0,873.0,888.0
30.0,950.0,317.0,280.0
23.0,6010.0,1116.0,1149.0
25.0,3004.0,393.0,376.0
17.0,1521.0,309.0,240.0
27.0,1691.0,289.0,296.0
52.0,1424.0,289.0,253.0
25.0,1270.0,255.0,245.0
18.0,2789.0,378.0,364.0
31.0,2431.0,512.0,427.0
7.0,1632.0,248.0,262.0
26.0,5077.0,640.0,636.0
52.0,1457.0,389.0,342.0
17.0,20354.0,3493.0,3293.0
15.0,6243.0,1273.0,1274.0
34.0,1133.0,254.0,187.0
16.0,4458.0,856.0,870.0
9.0,3860.0,809.0,770.0
37.0,1742.0,339.0,345.0
38.0,1261.0,177.0,183.0
17.0,2438.0,598.0,538.0
20.0,3759.0,,600.0
19.0,2693.0,789.0,724.0
31.0,1852.0,452.0,359.0
23.0,1897.0,440.0,418.0
20.0,1655.0,450.0,430.0
17.0,3425.0,827.0,758.0
29.0,2702.0,680.0,642.0
33.0,3906.0,790.0,770.0
10.0,2031.0,357.0,352.0
25.0,4377.0,668.0,671.0
28.0,2215.0,587.0,573.0
36.0,1116.0,199.0,226.0
3.0,14014.0,2861.0,2753.0
37.0,2247.0,416.0,397.0
23.0,3516.0,661.0,623.0
36.0,385.0,94.0,92.0
40.0,1064.0,266.0,239.0
27.0,3471.0,653.0,600.0
33.0,2821.0,652.0,640.0
42.0,2978.0,694.0,679.0
34.0,2358.0,498.0,461.0
52.0,2097.0,444.0,413.0
16.0,4070.0,624.0,577.0
9.0,3424.0,583.0,543.0
24.0,1003.0,251.0,227.0
17.0,2549.0,596.0,500.0
21.0,10687.0,1540.0,1520.0
33.0,1518.0,302.0,268.0
23.0,1655.0,223.0,219.0
26.0,2211.0,344.0,321.0
7.0,7188.0,1288.0,1115.0
16.0,5187.0,1014.0,986.0
5.0,6265.0,908.0,872.0
47.0,2313.0,433.0,430.0
32.0,2685.0,543.0,492.0
46.0,2273.0,495.0,447.0
26.0,2862.0,394.0,397.0
36.0,1815.0,426.0,431.0
20.0,1326.0,307.0,237.0
14.0,863.0,151.0,135.0
19.0,7254.0,1785.0,1667.0
26.0,2806.0,459.0,444.0
35.0,1579.0,243.0,264.0
19.0,2495.0,635.0,579.0
10.0,1783.0,337.0,262.0
8.0,140.0,28.0,29.0
32.0,1283.0,194.0,171.0
16.0,1657.0,390.0,301.0
13.0,2084.0,449.0,305.0
30.0,1722.0,372.0,403.0
45.0,2457.0,445.0,422.0
24.0,1755.0,365.0,362.0
34.0,2254.0,357.0,306.0
25.0,1758.0,357.0,278.0
15.0,3575.0,597.0,559.0
47.0,2183.0,510.0,503.0
29.0,2304.0,399.0,454.0
30.0,3085.0,610.0,575.0
36.0,2707.0,550.0,545.0
17.0,1438.0,324.0,268.0
38.0,2104.0,409.0,394.0
17.0,1619.0,292.0,285.0
21.0,1435.0,294.0,267.0
47.0,127.0,23.0,21.0
7.0,10648.0,1818.0,1797.0
35.0,4043.0,689.0,662.0
16.0,1453.0,299.0,286.0
31.0,1616.0,372.0,379.0
31.0,1599.0,318.0,303.0
20.0,908.0,206.0,211.0
31.0,5914.0,1309.0,1295.0
39.0,1551.0,353.0,310.0
10.0,1742.0,307.0,312.0
42.0,2991.0,335.0,335.0
18.0,1746.0,437.0,404.0
33.0,2095.0,342.0,304.0
49.0,1215.0,282.0,264.0
33.0,1325.0,274.0,267.0
20.0,1465.0,278.0,250.0
24.0,856.0,185.0,108.0
37.0,3058.0,567.0,523.0
34.0,1692.0,290.0,289.0
11.0,12070.0,2220.0,2125.0
20.0,1173.0,261.0,258.0
38.0,1912.0,456.0,408.0
25.0,1612.0,313.0,303.0
46.0,1901.0,295.0,352.0
27.0,3861.0,718.0,707.0
36.0,1719.0,303.0,311.0
15.0,2376.0,538.0,510.0
45.0,2842.0,567.0,535.0
38.0,1481.0,,372.0
8.0,240.0,46.0,24.0
26.0,2405.0,564.0,531.0
23.0,1387.0,325.0,289.0
17.0,2967.0,611.0,564.0
22.0,14701.0,2210.0,2232.0
13.0,5377.0,744.0,760.0
35.0,1864.0,357.0,349.0
17.0,858.0,262.0,27.0
36.0,666.0,132.0,134.0
41.0,3495.0,787.0,750.0
40.0,1553.0,253.0,267.0
10.0,3046.0,678.0,628.0
17.0,2277.0,474.0,356.0
33.0,2431.0,655.0,603.0
18.0,5505.0,1005.0,971.0
31.0,767.0,171.0,185.0
32.0,1578.0,284.0,292.0
20.0,4126.0,1031.0,975.0
37.0,1383.0,259.0,241.0
17.0,2485.0,518.0,550.0
32.0,1078.0,207.0,197.0
35.0,1613.0,428.0,422.0
16.0,1687.0,348.0,352.0
36.0,1180.0,212.0,200.0
13.0,5519.0,833.0,825.0
24.0,2059.0,462.0,294.0
22.0,5533.0,943.0,910.0
15.0,2119.0,389.0,374.0
48.0,346.0,92.0,63.0
17.0,3502.0,655.0,613.0
40.0,1391.0,246.0,214.0
29.0,2896.0,596.0,617.0
25.0,6296.0,1082.0,1047.0
15.0,6365.0,1646.0,1458.0
25.0,831.0,230.0,244.0
32.0,1736.0,234.0,231.0
8.0,2029.0,387.0,364.0
32.0,3364.0,666.0,678.0
52.0,189.0,34.0,37.0
12.0,7653.0,1578.0,1494.0
38.0,757.0,124.0,123.0
7.0,1761.0,309.0,308.0
43.0,2323.0,502.0,471.0
14.0,1527.0,269.0,261.0
26.0,2068.0,532.0,495.0
52.0,957.0,263.0,223.0
23.0,790.0,137.0,152.0
36.0,2342.0,436.0,416.0
23.0,2419.0,348.0,384.0
37.0,1677.0,269.0,283.0
30.0,2437.0,349.0,380.0
46.0,2163.0,470.0,435.0
16.0,4221.0,781.0,697.0
27.0,1446.0,295.0,281.0
29.0,4362.0,1053.0,1000.0
25.0,4524.0,860.0,862.0
46.0,1369.0,284.0,289.0
37.0,736.0,148.0,140.0
7.0,1737.0,290.0,265.0
36.0,2914.0,562.0,509.0
52.0,572.0,109.0,82.0
32.0,2718.0,447.0,410.0
16.0,1893.0,338.0,344.0
9.0,1787.0,347.0,306.0
32.0,2964.0,547.0,527.0
39.0,1313.0,306.0,231.0
35.0,1755.0,299.0,263.0
38.0,684.0,176.0,155.0
27.0,3337.0,613.0,607.0
50.0,2515.0,399.0,373.0
21.0,10093.0,1269.0,1219.0
15.0,8112.0,1376.0,1348.0
22.0,1707.0,296.0,297.0
40.0,408.0,102.0,81.0
4.0,3241.0,464.0,494.0
28.0,4035.0,641.0,659.0
22.0,3634.0,664.0,640.0
19.0,2636.0,523.0,465.0
19.0,1629.0,386.0,214.0
32.0,3250.0,550.0,557.0
18.0,2739.0,393.0,374.0
10.0,4300.0,845.0,609.0
25.0,4209.0,731.0,703.0
35.0,1867.0,343.0,338.0
31.0,1240.0,264.0,236.0
38.0,2501.0,348.0,329.0
20.0,1309.0,184.0,172.0
16.0,2445.0,469.0,474.0
52.0,1627.0,280.0,259.0
24.0,1669.0,422.0,281.0
25.0,5405.0,939.0,923.0
36.0,2507.0,466.0,474.0
17.0,1483.0,284.0,211.0
15.0,6487.0,1717.0,1560.0
49.0,3191.0,516.0,507.0
18.0,2375.0,652.0,586.0
16.0,7681.0,946.0,908.0
45.0,3924.0,834.0,773.0
35.0,853.0,296.0,289.0
29.0,6349.0,858.0,778.0
23.0,2564.0,347.0,351.0
35.0,2707.0,446.0,445.0
2.0,200.0,20.0,9.0
15.0,1248.0,234.0,216.0
39.0,1160.0,259.0,274.0
11.0,3974.0,727.0,634.0
47.0,1685.0,405.0,372.0
52.0,1010.0,209.0,187.0
33.0,952.0,172.0,159.0
29.0,2544.0,643.0,603.0
15.0,2061.0,465.0,196.0
26.0,1957.0,429.0,397.0
19.0,1334.0,336.0,319.0
17.0,5133.0,1375.0,1339.0
19.0,1537.0,329.0,274.0
17.0,2713.0,442.0,415.0
18.0,3905.0,1007.0,1044.0
32.0,1540.0,324.0,302.0
15.0,202.0,54.0,40.0
42.0,3008.0,659.0,664.0
28.0,1677.0,327.0,309.0
6.0,4405.0,717.0,688.0
18.0,3584.0,715.0,661.0
24.0,5948.0,738.0,710.0
22.0,721.0,117.0,129.0
36.0,1340.0,245.0,248.0
21.0,1432.0,284.0,275.0
9.0,3980.0,736.0,679.0
16.0,2867.0,559.0,449.0
18.0,1165.0,333.0,319.0
8.0,1877.0,479.0,323.0
27.0,1709.0,408.0,44.0
10.0,7136.0,1691.0,1507.0
11.0,2836.0,373.0,335.0
3.0,10425.0,2121.0,1778.0
16.0,2708.0,481.0,261.0
46.0,1280.0,209.0,208.0
15.0,3111.0,651.0,107.0
20.0,743.0,171.0,168.0
15.0,1374.0,291.0,239.0
25.0,2615.0,368.0,366.0
6.0,2918.0,672.0,639.0
5.0,1560.0,369.0,372.0
28.0,1773.0,278.0,269.0
6.0,1926.0,303.0,316.0
21.0,2696.0,578.0,494.0
17.0,4924.0,1247.0,1182.0
31.0,4981.0,964.0,924.0
27.0,1826.0,309.0,313.0
32.0,1295.0,295.0,328.0
19.0,862.0,167.0,183.0
33.0,1547.0,372.0,356.0
18.0,1109.0,283.0,253.0
11.0,1249.0,313.0,336.0
19.0,749.0,238.0,169.0
17.0,841.0,146.0,154.0
29.0,607.0,177.0,143.0
36.0,2873.0,420.0,379.0
36.0,5329.0,2477.0,2323.0
31.0,1949.0,344.0,322.0
39.0,3018.0,501.0,489.0
28.0,2932.0,739.0,624.0
26.0,1340.0,255.0,239.0
35.0,1813.0,393.0,374.0
18.0,1726.0,276.0,310.0
46.0,2194.0,563.0,542.0
16.0,2084.0,315.0,307.0
52.0,1890.0,420.0,383.0
18.0,819.0,198.0,198.0
35.0,2791.0,552.0,476.0
38.0,1794.0,349.0,335.0
20.0,2948.0,471.0,474.0
11.0,3835.0,727.0,658.0
34.0,1540.0,316.0,274.0
15.0,3938.0,789.0,768.0
48.0,1805.0,329.0,331.0
28.0,1672.0,416.0,397.0
26.0,2738.0,428.0,430.0
27.0,720.0,150.0,138.0
22.0,2987.0,,540.0
28.0,1207.0,252.0,252.0
34.0,1619.0,293.0,310.0
19.0,4005.0,972.0,893.0
27.0,2587.0,729.0,623.0
45.0,1169.0,263.0,286.0
28.0,2312.0,496.0,467.0
21.0,4712.0,624.0,615.0
17.0,3685.0,685.0,649.0
23.0,2234.0,270.0,286.0
41.0,2127.0,358.0,349.0
33.0,3429.0,681.0,694.0
25.0,4458.0,922.0,890.0
24.0,3173.0,548.0,536.0
44.0,2923.0,659.0,626.0
23.0,4247.0,835.0,823.0
22.0,2331.0,359.0,340.0
28.0,2839.0,428.0,443.0
11.0,1568.0,369.0,33.0
27.0,1890.0,303.0,314.0
33.0,2423.0,322.0,346.0
26.0,2145.0,369.0,377.0
13.0,2479.0,394.0,350.0
26.0,2163.0,339.0,346.0
31.0,2155.0,522.0,437.0
14.0,5106.0,1207.0,1108.0
17.0,1583.0,331.0,306.0
35.0,2190.0,384.0,401.0
36.0,786.0,133.0,160.0
26.0,2647.0,536.0,522.0
43.0,2976.0,599.0,560.0
52.0,1121.0,211.0,187.0
35.0,2976.0,518.0,538.0
26.0,2607.0,682.0,607.0
22.0,1217.0,224.0,187.0
41.0,268.0,75.0,82.0
7.0,6352.0,1390.0,1316.0
13.0,2578.0,551.0,528.0
30.0,1030.0,161.0,159.0
23.0,3741.0,,499.0
18.0,2077.0,298.0,292.0
8.0,2750.0,479.0,484.0
19.0,1003.0,235.0,190.0
52.0,2264.0,439.0,476.0
16.0,1443.0,249.0,181.0
44.0,2185.0,357.0,366.0
18.0,8953.0,1074.0,993.0
18.0,2221.0,459.0,440.0
19.0,3267.0,614.0,566.0
2.0,838.0,295.0,149.0
24.0,1258.0,216.0,96.0
23.0,1939.0,356.0,364.0
26.0,3084.0,505.0,501.0
18.0,2912.0,663.0,411.0
14.0,1930.0,363.0,322.0
32.0,1013.0,169.0,173.0
8.0,11336.0,1657.0,1555.0
34.0,5871.0,1914.0,1789.0
22.0,1046.0,195.0,164.0
35.0,2785.0,362.0,363.0
48.0,1798.0,432.0,374.0
24.0,1535.0,279.0,272.0
5.0,7105.0,1143.0,1088.0
22.0,5175.0,1213.0,1091.0
17.0,3112.0,872.0,680.0
27.0,1199.0,224.0,199.0
14.0,3545.0,702.0,411.0
15.0,1896.0,408.0,334.0
18.0,2105.0,416.0,385.0
39.0,522.0,116.0,102.0
29.0,2347.0,464.0,490.0
12.0,7490.0,1207.0,1136.0
19.0,2055.0,358.0,350.0
26.0,2332.0,371.0,404.0
26.0,4822.0,845.0,805.0
25.0,1947.0,418.0,354.0
17.0,3279.0,418.0,381.0
21.0,4280.0,673.0,681.0
34.0,3677.0,573.0,568.0
46.0,2745.0,543.0,482.0
31.0,2449.0,595.0,548.0
23.0,4314.0,676.0,623.0
28.0,3310.0,574.0,597.0
26.0,2741.0,451.0,437.0
35.0,2235.0,390.0,416.0
51.0,1373.0,284.0,300.0
33.0,419.0,77.0,67.0
34.0,2316.0,478.0,467.0
36.0,1065.0,160.0,155.0
13.0,3297.0,662.0,97.0
12.0,3247.0,579.0,517.0
11.0,7212.0,1355.0,1264.0
13.0,7241.0,1007.0,947.0
29.0,7479.0,977.0,943.0
4.0,7477.0,1576.0,1506.0
21.0,5541.0,776.0,737.0
25.0,556.0,79.0,71.0
17.0,465.0,83.0,75.0
25.0,948.0,198.0,171.0
14.0,2063.0,559.0,529.0
50.0,1125.0,322.0,304.0
20.0,6483.0,1068.0,1060.0
10.0,3421.0,563.0,545.0
24.0,1865.0,372.0,385.0
35.0,1877.0,328.0,353.0
50.0,2082.0,492.0,473.0
14.0,14917.0,2708.0,2606.0
11.0,6200.0,907.0,896.0
17.0,6440.0,1204.0,1142.0
27.0,2133.0,347.0,350.0
38.0,1438.0,310.0,275.0
15.0,6473.0,1027.0,970.0
12.0,2180.0,423.0,377.0
26.0,768.0,152.0,127.0
42.0,2261.0,574.0,527.0
36.0,1896.0,315.0,303.0
25.0,2443.0,444.0,342.0
27.0,1691.0,282.0,337.0
37.0,3441.0,584.0,544.0
26.0,2335.0,669.0,645.0
52.0,2735.0,559.0,487.0
7.0,2232.0,490.0,499.0
39.0,1105.0,180.0,166.0
45.0,907.0,188.0,161.0
35.0,2830.0,518.0,524.0
26.0,162.0,27.0,25.0
27.0,3228.0,562.0,588.0
52.0,2694.0,453.0,435.0
30.0,1428.0,287.0,287.0
16.0,2978.0,411.0,400.0
14.0,5381.0,871.0,872.0
21.0,3095.0,681.0,546.0
52.0,2643.0,626.0,620.0
12.0,1906.0,351.0,319.0
50.0,1760.0,341.0,316.0
32.0,2389.0,652.0,584.0
4.0,2045.0,237.0,252.0
37.0,1389.0,252.0,249.0
37.0,4005.0,614.0,606.0
52.0,1196.0,236.0,265.0
38.0,2952.0,598.0,568.0
41.0,1834.0,463.0,467.0
46.0,321.0,101.0,86.0
27.0,3513.0,791.0,694.0
32.0,2623.0,528.0,492.0
10.0,3757.0,722.0,223.0
42.0,2311.0,439.0,436.0
15.0,2966.0,558.0,527.0
29.0,4101.0,849.0,867.0
7.0,1932.0,419.0,389.0
36.0,1570.0,274.0,249.0
3.0,13802.0,2244.0,1972.0
25.0,1374.0,206.0,235.0
6.0,854.0,350.0,321.0
19.0,541.0,104.0,106.0
22.0,1999.0,415.0,320.0
47.0,1064.0,245.0,190.0
50.0,1592.0,372.0,307.0
15.0,2563.0,335.0,356.0
27.0,9147.0,1276.0,1269.0
19.0,2546.0,463.0,418.0
19.0,1734.0,365.0,342.0
25.0,1339.0,328.0,219.0
36.0,2639.0,488.0,476.0
13.0,3216.0,765.0,715.0
46.0,2801.0,644.0,611.0
34.0,2669.0,647.0,555.0
32.0,1295.0,280.0,300.0
13.0,1524.0,286.0,308.0
28.0,1408.0,312.0,221.0
26.0,3735.0,641.0,633.0
4.0,6159.0,1510.0,1241.0
32.0,404.0,74.0,58.0
13.0,2944.0,558.0,466.0
13.0,3995.0,605.0,607.0
23.0,1745.0,374.0,325.0
20.0,6201.0,1182.0,1141.0
2.0,227.0,35.0,49.0
8.0,1268.0,336.0,326.0
24.0,1216.0,289.0,185.0
25.0,494.0,81.0,85.0
42.0,1032.0,215.0,225.0
44.0,2728.0,585.0,567.0
16.0,4591.0,904.0,812.0
41.0,2901.0,689.0,632.0
31.0,1484.0,327.0,317.0
17.0,8005.0,1382.0,383.0
7.0,3418.0,740.0,676.0
17.0,4313.0,717.0,721.0
4.0,5623.0,780.0,716.0
43.0,1868.0,456.0,407.0
12.0,5719.0,1064.0,1057.0
52.0,677.0,152.0,154.0
36.0,1141.0,234.0,213.0
16.0,1085.0,217.0,232.0
37.0,973.0,221.0,178.0
9.0,7450.0,1475.0,930.0
16.0,60.0,10.0,19.0
39.0,568.0,127.0,129.0
27.0,3715.0,526.0,538.0
32.0,3012.0,527.0,512.0
28.0,2551.0,378.0,374.0
21.0,4342.0,783.0,789.0
14.0,4872.0,656.0,617.0
22.0,1880.0,360.0,314.0
22.0,1831.0,274.0,269.0
28.0,4649.0,977.0,953.0
33.0,2396.0,452.0,465.0
18.0,945.0,205.0,207.0
25.0,2581.0,528.0,509.0
32.0,1779.0,241.0,258.0
13.0,763.0,161.0,125.0
30.0,3917.0,549.0,544.0
33.0,1615.0,271.0,285.0
20.0,1808.0,334.0,335.0
5.0,7178.0,898.0,907.0
21.0,6445.0,1839.0,1735.0
11.0,4832.0,993.0,888.0
20.0,835.0,161.0,133.0
15.0,3338.0,532.0,520.0
7.0,28258.0,3864.0,3701.0
39.0,2002.0,416.0,395.0
10.0,266.0,62.0,49.0
28.0,1731.0,295.0,295.0
8.0,4253.0,709.0,662.0
41.0,1749.0,342.0,314.0
13.0,9621.0,1344.0,1391.0
50.0,1738.0,355.0,363.0
32.0,5738.0,746.0,732.0
4.0,4075.0,927.0,849.0
32.0,1075.0,170.0,173.0
29.0,2220.0,471.0,428.0
23.0,2263.0,497.0,455.0
26.0,1619.0,224.0,220.0
15.0,3996.0,748.0,728.0
33.0,1064.0,174.0,147.0
34.0,5683.0,755.0,723.0
36.0,1710.0,320.0,300.0
30.0,1217.0,238.0,233.0
13.0,13182.0,2074.0,1950.0
23.0,1759.0,366.0,359.0
20.0,6992.0,1404.0,1334.0
37.0,2724.0,579.0,540.0
33.0,1227.0,286.0,291.0
10.0,2656.0,506.0,501.0
22.0,4949.0,626.0,590.0
26.0,3215.0,827.0,737.0
16.0,1644.0,251.0,267.0
10.0,3486.0,695.0,124.0
52.0,2157.0,418.0,419.0
15.0,3356.0,694.0,627.0
19.0,2429.0,459.0,300.0
32.0,2275.0,397.0,418.0
46.0,1543.0,339.0,322.0
52.0,1185.0,260.0,239.0
14.0,16199.0,2993.0,2847.0
34.0,1370.0,287.0,269.0
10.0,2864.0,514.0,507.0
38.0,2591.0,424.0,378.0
28.0,3003.0,699.0,653.0
23.0,3800.0,1003.0,917.0
37.0,1453.0,293.0,310.0
45.0,1544.0,244.0,238.0
8.0,2572.0,738.0,684.0
29.0,6895.0,1022.0,1022.0
13.0,5036.0,1034.0,923.0
46.0,5677.0,2610.0,2406.0
13.0,330.0,72.0,64.0
29.0,1312.0,280.0,271.0
17.0,1987.0,335.0,313.0
17.0,1897.0,433.0,384.0
16.0,2984.0,406.0,397.0
20.0,3426.0,632.0,580.0
33.0,2014.0,410.0,427.0
18.0,2040.0,402.0,129.0
21.0,2164.0,480.0,421.0
41.0,1808.0,435.0,373.0
33.0,3994.0,764.0,763.0
29.0,7744.0,1375.0,1365.0
16.0,3412.0,667.0,590.0
15.0,886.0,204.0,205.0
34.0,3090.0,593.0,566.0
13.0,1736.0,313.0,314.0
34.0,2070.0,357.0,294.0
27.0,1654.0,478.0,420.0
34.0,1440.0,267.0,265.0
33.0,3585.0,757.0,765.0
10.0,1090.0,164.0,158.0
17.0,1492.0,426.0,428.0
27.0,2533.0,518.0,461.0
34.0,479.0,182.0,170.0
51.0,956.0,196.0,180.0
35.0,1192.0,201.0,172.0
35.0,2011.0,349.0,300.0
47.0,2236.0,418.0,397.0
5.0,3846.0,786.0,716.0
15.0,1533.0,300.0,287.0
21.0,3509.0,606.0,564.0
14.0,6290.0,854.0,820.0
18.0,2808.0,337.0,337.0
12.0,1497.0,360.0,341.0
31.0,2892.0,685.0,641.0
33.0,1462.0,241.0,231.0
16.0,2604.0,454.0,481.0
35.0,1607.0,383.0,382.0
17.0,2807.0,376.0,353.0
32.0,3943.0,605.0,614.0
42.0,2225.0,367.0,381.0
42.0,1695.0,345.0,334.0
34.0,1879.0,265.0,263.0
37.0,2236.0,372.0,379.0
46.0,176.0,43.0,40.0
11.0,1961.0,435.0,53.0
18.0,2278.0,523.0,475.0
52.0,1274.0,235.0,219.0
20.0,1384.0,257.0,232.0
9.0,2643.0,439.0,467.0
15.0,5393.0,1422.0,1288.0
23.0,1703.0,397.0,361.0
24.0,1407.0,327.0,295.0
36.0,2765.0,495.0,441.0
28.0,1868.0,350.0,329.0
2.0,3129.0,707.0,698.0
25.0,1710.0,288.0,259.0
31.0,2862.0,606.0,600.0
19.0,2237.0,580.0,551.0
26.0,2016.0,322.0,357.0
18.0,5252.0,686.0,657.0
19.0,1699.0,356.0,368.0
12.0,4515.0,909.0,528.0
34.0,1020.0,247.0,228.0
41.0,1463.0,339.0,318.0
17.0,1319.0,316.0,269.0
36.0,790.0,224.0,208.0
16.0,1840.0,355.0,338.0
18.0,3646.0,534.0,535.0
16.0,3324.0,479.0,461.0
16.0,4290.0,554.0,576.0
30.0,4114.0,743.0,722.0
28.0,2949.0,529.0,545.0
19.0,1733.0,303.0,281.0
43.0,1951.0,288.0,308.0
25.0,2409.0,490.0,479.0
25.0,6508.0,1137.0,1081.0
32.0,752.0,159.0,155.0
28.0,1491.0,408.0,48.0
32.0,1962.0,399.0,392.0
27.0,1569.0,242.0,214.0
6.0,678.0,104.0,91.0
34.0,2113.0,459.0,432.0
16.0,411.0,114.0,19.0
4.0,1029.0,126.0,122.0
41.0,1562.0,322.0,277.0
4.0,4833.0,784.0,789.0
13.0,4401.0,829.0,383.0
15.0,2058.0,412.0,378.0
5.0,5526.0,,1012.0
33.0,1653.0,334.0,328.0
34.0,1175.0,251.0,261.0
30.0,3227.0,733.0,684.0
9.0,6306.0,962.0,911.0
42.0,510.0,88.0,99.0
35.0,1354.0,284.0,262.0
36.0,2698.0,623.0,554.0
50.0,1120.0,281.0,239.0
22.0,2828.0,610.0,391.0
20.0,7578.0,1426.0,1362.0
47.0,1882.0,361.0,342.0
48.0,827.0,198.0,161.0
25.0,848.0,153.0,155.0
4.0,4719.0,741.0,742.0
17.0,6932.0,1486.0,1453.0
28.0,2377.0,469.0,435.0
45.0,3150.0,756.0,749.0
52.0,2491.0,474.0,468.0
16.0,2605.0,440.0,408.0
32.0,2372.0,516.0,492.0
25.0,7201.0,1521.0,1433.0
14.0,3348.0,491.0,493.0
27.0,2258.0,427.0,423.0
21.0,9135.0,1534.0,1502.0
16.0,4986.0,1081.0,1016.0
35.0,1806.0,293.0,295.0
45.0,2225.0,486.0,459.0
31.0,2023.0,469.0,436.0
37.0,3881.0,560.0,517.0
25.0,2244.0,301.0,324.0
22.0,1468.0,285.0,235.0
33.0,1903.0,386.0,340.0
38.0,1250.0,236.0,279.0
44.0,3042.0,697.0,115.0
33.0,1923.0,403.0,389.0
17.0,2387.0,437.0,423.0
28.0,3998.0,765.0,698.0
20.0,3810.0,787.0,721.0
22.0,2515.0,482.0,462.0
52.0,242.0,59.0,54.0
10.0,4337.0,800.0,743.0
28.0,2965.0,533.0,472.0
17.0,1697.0,268.0,254.0
18.0,1404.0,226.0,229.0
29.0,4133.0,770.0,744.0
34.0,2326.0,471.0,441.0
16.0,3787.0,515.0,507.0
20.0,5467.0,1044.0,963.0
22.0,5861.0,1516.0,1463.0
23.0,2502.0,481.0,455.0
30.0,1548.0,282.0,311.0
38.0,2122.0,394.0,410.0
22.0,2105.0,354.0,365.0
28.0,4308.0,824.0,776.0
44.0,3184.0,581.0,548.0
26.0,1414.0,265.0,249.0
45.0,2112.0,493.0,452.0
28.0,4169.0,895.0,810.0
8.0,943.0,189.0,155.0
10.0,3258.0,612.0,558.0
32.0,1339.0,209.0,209.0
12.0,1592.0,242.0,233.0
30.0,1019.0,192.0,185.0
19.0,1484.0,296.0,298.0
19.0,1317.0,189.0,187.0
25.0,2652.0,335.0,334.0
35.0,825.0,179.0,181.0
39.0,2199.0,388.0,385.0
17.0,3354.0,422.0,425.0
17.0,1646.0,330.0,344.0
15.0,2715.0,569.0,530.0
16.0,3326.0,419.0,402.0
40.0,812.0,154.0,142.0
34.0,1408.0,277.0,269.0
23.0,1672.0,385.0,390.0
13.0,4379.0,872.0,853.0
41.0,1617.0,423.0,375.0
18.0,1564.0,357.0,277.0
32.0,2217.0,422.0,427.0
22.0,2823.0,509.0,474.0
21.0,1789.0,,677.0
31.0,3029.0,500.0,487.0
52.0,1225.0,250.0,231.0
30.0,1772.0,471.0,437.0
18.0,2281.0,520.0,465.0
31.0,3117.0,616.0,588.0
18.0,5822.0,1439.0,1224.0
20.0,1490.0,318.0,326.0
45.0,1081.0,241.0,230.0
7.0,7957.0,1314.0,1293.0
21.0,3282.0,653.0,601.0
37.0,2330.0,495.0,470.0
39.0,1214.0,250.0,249.0
14.0,6202.0,1551.0,1435.0
52.0,661.0,316.0,244.0
39.0,1548.0,323.0,286.0
19.0,3073.0,506.0,493.0
21.0,7099.0,1106.0,1138.0
3.0,1565.0,464.0,461.0
25.0,2239.0,361.0,353.0
52.0,2281.0,371.0,367.0
29.0,3108.0,534.0,516.0
10.0,4156.0,609.0,586.0
25.0,3333.0,511.0,504.0
52.0,1853.0,437.0,390.0
33.0,1225.0,275.0,248.0
32.0,4498.0,862.0,851.0
36.0,404.0,77.0,88.0
23.0,1001.0,195.0,157.0
33.0,1660.0,277.0,261.0
47.0,1265.0,254.0,247.0
15.0,2203.0,312.0,311.0
44.0,1730.0,343.0,278.0
29.0,1899.0,524.0,443.0
45.0,1128.0,240.0,270.0
15.0,2490.0,527.0,497.0
52.0,112.0,28.0,40.0
52.0,154.0,,16.0
18.0,4845.0,735.0,734.0
32.0,3633.0,508.0,506.0
17.0,3461.0,722.0,647.0
39.0,4179.0,814.0,809.0
27.0,2491.0,428.0,431.0
27.0,2845.0,417.0,460.0
21.0,3153.0,411.0,431.0
2.0,4055.0,735.0,654.0
30.0,1260.0,276.0,221.0
33.0,1817.0,441.0,389.0
14.0,5549.0,1000.0,919.0
16.0,4596.0,705.0,650.0
23.0,1731.0,363.0,341.0
10.0,1566.0,325.0,291.0
13.0,1657.0,362.0,376.0
34.0,2745.0,559.0,491.0
29.0,1947.0,383.0,337.0
34.0,2094.0,380.0,380.0
39.0,2505.0,371.0,345.0
47.0,1942.0,430.0,393.0
23.0,1538.0,305.0,267.0
36.0,3616.0,779.0,786.0
8.0,2875.0,548.0,551.0
7.0,3477.0,416.0,395.0
22.0,2447.0,556.0,556.0
5.0,2494.0,414.0,421.0
31.0,1434.0,283.0,289.0
8.0,3743.0,581.0,567.0
35.0,1102.0,308.0,303.0
19.0,2487.0,485.0,453.0
30.0,1610.0,410.0,397.0
16.0,3758.0,715.0,615.0
20.0,3796.0,650.0,611.0
46.0,66.0,22.0,21.0
20.0,3968.0,931.0,903.0
38.0,1066.0,248.0,286.0
14.0,8213.0,1364.0,1286.0
29.0,3494.0,662.0,616.0
52.0,2657.0,500.0,489.0
14.0,2338.0,391.0,398.0
38.0,2252.0,325.0,314.0
42.0,1531.0,326.0,377.0
26.0,2947.0,,626.0
24.0,1535.0,276.0,273.0
10.0,6435.0,1040.0,1030.0
4.0,4530.0,1070.0,837.0
41.0,1973.0,399.0,375.0
19.0,3720.0,636.0,607.0
29.0,4239.0,653.0,631.0
24.0,4410.0,939.0,862.0
14.0,3580.0,984.0,912.0
44.0,1788.0,368.0,329.0
31.0,1432.0,348.0,348.0
40.0,3056.0,489.0,481.0
